Owner_info,Bhk_info,price,Locality,Area_sqft,status,price_per_sqft
BUILDER,3 , 1.6 Cr,Manikonda,2810 ,Under ConstructionConstruction Status,"5,699 / sq ft"
BUILDER,2 , 1.43 Cr,Shaikpet,1495 ,Ready to moveConstruction Status,"9,565 / sq ft"
BUILDER,2 , 56.98 L,Bachupally,1295 ,Under ConstructionConstruction Status,"4,400 / sq ft"
BUILDER,2 , 43.6 L,Shamshabad,890 ,Under ConstructionConstruction Status,"4,899 / sq ft"
BUILDER,3 , 65.82 L,Tellapur,1431 ,Under ConstructionConstruction Status,"4,600 / sq ft"
BUILDER,3 , 1.65 Cr,Attapur,2540 ,Under ConstructionConstruction Status,"6,501 / sq ft"
BUILDER,4 , 6.22 Cr,Serilingampally,4147 ,Under ConstructionConstruction Status,"15,000 / sq ft"
BUILDER,3 , 1.18 Cr,Sainikpuri,2200 ,Under ConstructionConstruction Status,"5,400 / sq ft"
BUILDER,Residential Plot, 1.11 Cr,Sheriguda,3150 ,NewNew/Resale,"3,555 / sq ft"
BUILDER,3 , 95.35 L,Manikonda,1538 ,Under ConstructionConstruction Status,"6,200 / sq ft"
BUILDER,4 , 1.45 Cr,Bachupally,2300 ,Under ConstructionConstruction Status,"6,304 / sq ft"
BUILDER,2 , 56.02 L,Ghatkesar,1245 ,Under ConstructionConstruction Status,"4,500 / sq ft"
BUILDER,2 , 72.05 L,Attapur,1310 ,Under ConstructionConstruction Status,"5,500 / sq ft"
BUILDER,2 , 61.57 L,Kompally,1310 ,Under ConstructionConstruction Status,"4,700 / sq ft"
BUILDER,3 , 1.46 Cr,Shankarpalli,3120 ,Under ConstructionConstruction Status,"4,700 / sq ft"
BUILDER,3 , 63.11 L,Mallampet,1503 ,Under ConstructionConstruction Status,"4,199 / sq ft"
BUILDER,4 , 2.9 Cr,Hitech City,3498 ,Ready to moveConstruction Status,"8,290 / sq ft"
BUILDER,3 , 96.22 L,Nanakramguda,1415 ,Ready to moveConstruction Status,"6,800 / sq ft"
BUILDER,3 , 97.11 L,Manikonda,1704 ,Under ConstructionConstruction Status,"5,699 / sq ft"
BUILDER,4 , 3.04 Cr,Shaikpet,2965 ,Ready to moveConstruction Status,"10,252 / sq ft"
BUILDER,2 , 52.58 L,Bachupally,1195 ,Under ConstructionConstruction Status,"4,400 / sq ft"
BUILDER,2 , 44.33 L,Shamshabad,905 ,Under ConstructionConstruction Status,"4,899 / sq ft"
BUILDER,3 , 66.01 L,Tellapur,1435 ,Under ConstructionConstruction Status,"4,600 / sq ft"
BUILDER,3 , 1.65 Cr,Attapur,2540 ,Under ConstructionConstruction Status,"6,501 / sq ft"
BUILDER,4 , 4.89 Cr,Serilingampally,3262 ,Under ConstructionConstruction Status,"15,000 / sq ft"
BUILDER,3 , 1.18 Cr,Sainikpuri,2195 ,Under ConstructionConstruction Status,"5,400 / sq ft"
BUILDER,Residential Plot, 1.11 Cr,Sheriguda,3150 ,NewNew/Resale,"3,555 / sq ft"
BUILDER,3 , 93.31 L,Manikonda,1505 ,Under ConstructionConstruction Status,"6,200 / sq ft"
BUILDER,2 , 56.02 L,Ghatkesar,1245 ,Under ConstructionConstruction Status,"4,500 / sq ft"
BUILDER,3 , 81.67 L,Attapur,1485 ,Under ConstructionConstruction Status,"5,500 / sq ft"
BUILDER,2 , 58.51 L,Kompally,1245 ,Under ConstructionConstruction Status,"4,700 / sq ft"
BUILDER,3 , 1.41 Cr,Shankarpalli,3000 ,Under ConstructionConstruction Status,"4,700 / sq ft"
BUILDER,2 , 46.48 L,Mallampet,1107 ,Under ConstructionConstruction Status,"4,199 / sq ft"
BUILDER,4 , 2.56 Cr,Hitech City,3031 ,Ready to moveConstruction Status,"8,446 / sq ft"
BUILDER,3 , 96.9 L,Nanakramguda,1425 ,Ready to moveConstruction Status,"6,800 / sq ft"
BUILDER,3 , 1.6 Cr,Manikonda,2810 ,Under ConstructionConstruction Status,"5,699 / sq ft"
BUILDER,3 , 1.77 Cr,Shaikpet,1865 ,Ready to moveConstruction Status,"9,490 / sq ft"
BUILDER,3 , 74.58 L,Bachupally,1695 ,Under ConstructionConstruction Status,"4,400 / sq ft"
BUILDER,2 , 48.65 L,Shamshabad,945 ,Under ConstructionConstruction Status,"5,149 / sq ft"
BUILDER,3 , 72.22 L,Tellapur,1570 ,Under ConstructionConstruction Status,"4,600 / sq ft"
BUILDER,3 , 1.65 Cr,Attapur,2540 ,Under ConstructionConstruction Status,"6,501 / sq ft"
BUILDER,4 , 6.38 Cr,Serilingampally,4258 ,Under ConstructionConstruction Status,"15,000 / sq ft"
BUILDER,3 , 1.15 Cr,Sainikpuri,2130 ,Under ConstructionConstruction Status,"5,400 / sq ft"
BUILDER,Residential Plot, 63.99 L,Sheriguda,1800 ,NewNew/Resale,"3,555 / sq ft"
BUILDER,2 , 77.19 L,Manikonda,1245 ,Under ConstructionConstruction Status,"6,200 / sq ft"
BUILDER,3 , 70.65 L,Ghatkesar,1570 ,Under ConstructionConstruction Status,"4,500 / sq ft"
BUILDER,3 , 98.72 L,Attapur,1795 ,Under ConstructionConstruction Status,"5,500 / sq ft"
BUILDER,3 , 74.02 L,Kompally,1575 ,Under ConstructionConstruction Status,"4,700 / sq ft"
BUILDER,3 , 63.48 L,Mallampet,1512 ,Under ConstructionConstruction Status,"4,199 / sq ft"
OWNER,2 , 43.17 L,Patancheru,1439 ,Ready to moveConstruction Status,"3,000 / sq ft"
AGENT,3 , 92.62 L,Tellapur,1597 ,Under ConstructionConstruction Status,"5,800 / sq ft"
AGENT,2 , 47 L,Nacharam,1050 ,Ready to moveConstruction Status,"4,476 / sq ft"
OWNER,3 , 1.2 Cr,Bahadurpally,2000 ,Under ConstructionConstruction Status,"6,000 / sq ft"
OWNER,2 , 78 L,Miyapur,1100 ,Ready to moveConstruction Status,"7,090 / sq ft"
OWNER,2 , 39.5 L,Kukatpally,730 ,Ready to moveConstruction Status,"5,410 / sq ft"
OWNER,1 , 25 L,Narsingi,380 ,Under ConstructionConstruction Status,"6,578 / sq ft"
OWNER,2 , 87 L,Manikonda,1230 ,Ready to moveConstruction Status,"7,073 / sq ft"
OWNER,2 , 42 L,Mokila,1000 ,Under ConstructionConstruction Status,"4,200 / sq ft"
OWNER,2 , 50 L,Kismatpur,1110 ,Under ConstructionConstruction Status,"4,504 / sq ft"
AGENT,3 , 62.37 L,Aushapur,1025 ,Under ConstructionConstruction Status,"6,085 / sq ft"
OWNER,3 , 2.2 Cr,Manikonda,2540 ,Ready to moveConstruction Status,"8,661 / sq ft"
OWNER,3 , 1.9 Cr,Kollur,3000 ,Under ConstructionConstruction Status,"6,333 / sq ft"
OWNER,3 , 76 L,Miyapur,1337 ,Ready to moveConstruction Status,"5,684 / sq ft"
OWNER,2 , 50 L,Hastinapuram,1175 ,Ready to moveConstruction Status,"4,255 / sq ft"
OWNER,2 , 80 L,Mokila,2600 ,Under ConstructionConstruction Status,"3,076 / sq ft"
OWNER,2 , 69 L,Nagole,1100 ,Under ConstructionConstruction Status,"6,272 / sq ft"
OWNER,4 , 77.99 L,Indresham,1800 ,Ready to moveConstruction Status,"4,333 / sq ft"
OWNER,3 , 1.03 Cr,Madhapur,1450 ,Under ConstructionConstruction Status,"7,103 / sq ft"
OWNER,9 , 2.9 Cr,Saidabad,5400 ,Ready to moveConstruction Status,"5,370 / sq ft"
OWNER,6 , 1.12 Cr,Sainikpuri,2300 ,Under ConstructionConstruction Status,"4,869 / sq ft"
OWNER,2 , 82.41 L,Puppalaguda,1230 ,Under ConstructionConstruction Status,"6,700 / sq ft"
OWNER,2 , 50 L,Kollur,1250 ,Under ConstructionConstruction Status,"4,000 / sq ft"
OWNER,2 , 2.5 Cr,Chandanagar,1350 ,Ready to moveConstruction Status,"18,518 / sq ft"
OWNER,3 , 42.77 L,muthangi,1585 ,Under ConstructionConstruction Status,"2,699 / sq ft"
OWNER,2 , 60 L,Ramachandra Puram,1200 ,Ready to moveConstruction Status,"5,000 / sq ft"
OWNER,2 , 59 L,Mallapur,1168 ,Ready to moveConstruction Status,"5,051 / sq ft"
OWNER,10 , 3.5 Cr,Mehdipatnam,9468 ,Ready to moveConstruction Status,"3,696 / sq ft"
OWNER,3 , 42.17 L,Chandanagar Vill,1205 ,Under ConstructionConstruction Status,"3,500 / sq ft"
OWNER,2 , 55 L,Gajularamaram,1285 ,Ready to moveConstruction Status,"4,280 / sq ft"
OWNER,2 , 40 L,Kompally,1100 ,Under ConstructionConstruction Status,"3,636 / sq ft"
OWNER,Residential Plot, 5.56 L,Shamshabad,1089 ,ResaleNew/Resale,511 / sq ft
OWNER,3 , 1.2 Cr,Kukatpally,1800 ,Ready to moveConstruction Status,"6,666 / sq ft"
OWNER,3 , 1.2 Cr,Narsingi,1655 ,Ready to moveConstruction Status,"7,250 / sq ft"
OWNER,4 , 78 L,Kundanpally,2200 ,Under ConstructionConstruction Status,"3,545 / sq ft"
OWNER,3 , 1.4 Cr,Jubilee Hills,756 ,Ready to moveConstruction Status,"18,518 / sq ft"
OWNER,6 , 2.9 Cr,Banjara Hills,2414 ,Ready to moveConstruction Status,"12,013 / sq ft"
OWNER,2 , 70 L,Manikonda,1300 ,Ready to moveConstruction Status,"5,384 / sq ft"
OWNER,3 , 1.1 Cr,Banjara Hills,1602 ,Ready to moveConstruction Status,"6,866 / sq ft"
OWNER,3 , 59 L,Nizampet,1705 ,Ready to moveConstruction Status,"3,460 / sq ft"
OWNER,2 , 45 L,Shadnagar,1136 ,Ready to moveConstruction Status,"3,961 / sq ft"
OWNER,6 , 6 Cr,Nallagandla Gachibowli,5740 ,Ready to moveConstruction Status,"10,452 / sq ft"
OWNER,2 , 45 L,Amberpet,935 ,Ready to moveConstruction Status,"4,812 / sq ft"
OWNER,Residential Plot, 11.26 L,Shadnagar,1314 ,ResaleNew/Resale,856 / sq ft
OWNER,Residential Plot, 30 L,chandrayangutta,900 ,ResaleNew/Resale,"3,333 / sq ft"
OWNER,Residential Plot, 44 L,Medchal,1503 ,ResaleNew/Resale,"2,927 / sq ft"
OWNER,2 , 64.7 L,Puppalaguda,1290 ,Ready to moveConstruction Status,"5,015 / sq ft"
OWNER,5 , 2.5 Cr,Kothapet,4400 ,Ready to moveConstruction Status,"5,681 / sq ft"
OWNER,3 , 93 L,Bandlaguda Jagir,1332 ,Ready to moveConstruction Status,"6,981 / sq ft"
OWNER,2 , 38 L,Serilingampally,830 ,Ready to moveConstruction Status,"4,578 / sq ft"
OWNER,3 , 1.31 Cr,AS Rao Nagar,3000 ,Ready to moveConstruction Status,"4,366 / sq ft"
AGENT,3 , 1.28 Cr,Tellapur,2208 ,Under ConstructionConstruction Status,"5,800 / sq ft"
AGENT,3 , 2.07 Cr,Tellapur,3569 ,Under ConstructionConstruction Status,"5,800 / sq ft"
AGENT,3 , 1.17 Cr,Tellapur,2132 ,Under ConstructionConstruction Status,"5,500 / sq ft"
AGENT,3 , 1 Cr,Tellapur,2132 ,Under ConstructionConstruction Status,"4,700 / sq ft"
OWNER,3 , 1.2 Cr,Bahadurpally,2000 ,Under ConstructionConstruction Status,"6,000 / sq ft"
OWNER,3 , 1.2 Cr,Bahadurpally,2000 ,Under ConstructionConstruction Status,"6,000 / sq ft"
OWNER,3 , 1.2 Cr,Bahadurpally,2000 ,Under ConstructionConstruction Status,"6,000 / sq ft"
OWNER,3 , 1.2 Cr,Bahadurpally,2000 ,Under ConstructionConstruction Status,"6,000 / sq ft"
OWNER,3 , 1.2 Cr,Bahadurpally,2000 ,Under ConstructionConstruction Status,"6,000 / sq ft"
OWNER,3 , 95 L,Mokila,2600 ,Under ConstructionConstruction Status,"3,653 / sq ft"
OWNER,2 , 87 L,Manikonda,1230 ,Ready to moveConstruction Status,"7,073 / sq ft"
OWNER,3 , 95 L,Mokila,2600 ,Under ConstructionConstruction Status,"3,653 / sq ft"
OWNER,2 , 48 L,Mokila,1000 ,Under ConstructionConstruction Status,"4,800 / sq ft"
OWNER,2 , 42 L,Mokila,1000 ,Under ConstructionConstruction Status,"4,200 / sq ft"
AGENT,3 , 69.25 L,Aushapur,1150 ,Under ConstructionConstruction Status,"6,021 / sq ft"
AGENT,3 , 76.12 L,Aushapur,1275 ,Under ConstructionConstruction Status,"5,970 / sq ft"
OWNER,2 , 38 L,Gandi Maisamma,1000 ,Ready to moveConstruction Status,"3,800 / sq ft"
OWNER,3 , 2.2 Cr,Manikonda,2540 ,Ready to moveConstruction Status,"8,661 / sq ft"
OWNER,2 , 80 L,Mokila,2600 ,Under ConstructionConstruction Status,"3,076 / sq ft"
OWNER,2 , 80 L,Mokila,2600 ,Under ConstructionConstruction Status,"3,076 / sq ft"
OWNER,2 , 80 L,Mokila,2600 ,Under ConstructionConstruction Status,"3,076 / sq ft"
OWNER,2 , 80 L,Mokila,2600 ,Under ConstructionConstruction Status,"3,076 / sq ft"
OWNER,2 , 80 L,Mokila,2600 ,Under ConstructionConstruction Status,"3,076 / sq ft"
OWNER,2 , 80 L,Mokila,2600 ,Under ConstructionConstruction Status,"3,076 / sq ft"
OWNER,2 , 80 L,Mokila,2600 ,Under ConstructionConstruction Status,"3,076 / sq ft"
OWNER,2 , 80 L,Mokila,2600 ,Under ConstructionConstruction Status,"3,076 / sq ft"
OWNER,2 , 80 L,Mokila,2600 ,Under ConstructionConstruction Status,"3,076 / sq ft"
OWNER,2 , 80 L,Mokila,2600 ,Under ConstructionConstruction Status,"3,076 / sq ft"
OWNER,2 , 80 L,Mokila,2600 ,Under ConstructionConstruction Status,"3,076 / sq ft"
OWNER,2 , 80 L,Mokila,2600 ,Under ConstructionConstruction Status,"3,076 / sq ft"
OWNER,4 , 77.99 L,Indresham,1800 ,Ready to moveConstruction Status,"4,333 / sq ft"
OWNER,4 , 77.99 L,Indresham,1800 ,Ready to moveConstruction Status,"4,333 / sq ft"
OWNER,4 , 77.99 L,Indresham,1800 ,Ready to moveConstruction Status,"4,333 / sq ft"
OWNER,4 , 77.99 L,Indresham,1800 ,Ready to moveConstruction Status,"4,333 / sq ft"
OWNER,4 , 77.99 L,Indresham,1800 ,Ready to moveConstruction Status,"4,333 / sq ft"
OWNER,4 , 77.99 L,Indresham,1800 ,Ready to moveConstruction Status,"4,333 / sq ft"
OWNER,4 , 77.99 L,Indresham,1800 ,Ready to moveConstruction Status,"4,333 / sq ft"
OWNER,4 , 77.99 L,Indresham,1800 ,Ready to moveConstruction Status,"4,333 / sq ft"
OWNER,6 , 1.12 Cr,Sainikpuri,2300 ,Under ConstructionConstruction Status,"4,869 / sq ft"
OWNER,9 , 2.9 Cr,Saidabad,5400 ,Ready to moveConstruction Status,"5,370 / sq ft"
OWNER,9 , 2.9 Cr,Saidabad,5400 ,Ready to moveConstruction Status,"5,370 / sq ft"
OWNER,9 , 2.9 Cr,Saidabad,5400 ,Ready to moveConstruction Status,"5,370 / sq ft"
OWNER,3 , 1.03 Cr,Madhapur,1450 ,Under ConstructionConstruction Status,"7,103 / sq ft"
OWNER,3 , 98 L,Madhapur,1450 ,Under ConstructionConstruction Status,"6,758 / sq ft"
OWNER,3 , 1.03 Cr,Madhapur,1450 ,Under ConstructionConstruction Status,"7,103 / sq ft"
OWNER,2 , 82.41 L,Puppalaguda,1230 ,Under ConstructionConstruction Status,"6,700 / sq ft"
OWNER,2 , 50 L,Kollur,1250 ,Under ConstructionConstruction Status,"4,000 / sq ft"
OWNER,2 , 50 L,Kollur,1250 ,Under ConstructionConstruction Status,"4,000 / sq ft"
OWNER,3 , 66.27 L,Kollur,1665 ,Under ConstructionConstruction Status,"3,980 / sq ft"
OWNER,3 , 66.27 L,Kollur,1665 ,Under ConstructionConstruction Status,"3,980 / sq ft"
OWNER,3 , 66.27 L,Kollur,1665 ,Under ConstructionConstruction Status,"3,980 / sq ft"
OWNER,3 , 66.27 L,Kollur,1665 ,Under ConstructionConstruction Status,"3,980 / sq ft"
OWNER,2 , 50 L,Kollur,1250 ,Under ConstructionConstruction Status,"4,000 / sq ft"
OWNER,3 , 66.27 L,Kollur,1665 ,Under ConstructionConstruction Status,"3,980 / sq ft"
OWNER,2 , 82.41 L,Puppalaguda,1230 ,Under ConstructionConstruction Status,"6,700 / sq ft"
OWNER,3 , 1.2 Cr,Bahadurpally,2200 ,Ready to moveConstruction Status,"5,454 / sq ft"
OWNER,3 , 1.2 Cr,Bahadurpally,2200 ,Ready to moveConstruction Status,"5,454 / sq ft"
OWNER,4 , 74.99 L,Patancheru,1820 ,Ready to moveConstruction Status,"4,120 / sq ft"
OWNER,2 , 82.41 L,Puppalaguda,1230 ,Under ConstructionConstruction Status,"6,700 / sq ft"
OWNER,Residential Plot, 5.56 L,Shamshabad,1089 ,ResaleNew/Resale,511 / sq ft
OWNER,Residential Plot, 5.56 L,Shamshabad,1089 ,ResaleNew/Resale,511 / sq ft
OWNER,2 , 70 L,Manikonda,1300 ,Ready to moveConstruction Status,"5,384 / sq ft"
OWNER,3 , 36 L,muthangi,1520 ,Under ConstructionConstruction Status,"2,368 / sq ft"
OWNER,2 , 26 L,muthangi,1170 ,Under ConstructionConstruction Status,"2,222 / sq ft"
OWNER,2 , 26 L,muthangi,1170 ,Under ConstructionConstruction Status,"2,222 / sq ft"
OWNER,2 , 26 L,muthangi,1170 ,Under ConstructionConstruction Status,"2,222 / sq ft"
OWNER,2 , 36 L,Miyapur,1020 ,Under ConstructionConstruction Status,"3,529 / sq ft"
OWNER,3 , 36 L,muthangi,1520 ,Under ConstructionConstruction Status,"2,368 / sq ft"
OWNER,3 , 36 L,muthangi,1520 ,Under ConstructionConstruction Status,"2,368 / sq ft"
OWNER,3 , 36 L,muthangi,1520 ,Under ConstructionConstruction Status,"2,368 / sq ft"
OWNER,3 , 36 L,muthangi,1520 ,Under ConstructionConstruction Status,"2,368 / sq ft"
OWNER,3 , 36 L,muthangi,1520 ,Under ConstructionConstruction Status,"2,368 / sq ft"
OWNER,2 , 26 L,muthangi,1170 ,Under ConstructionConstruction Status,"2,222 / sq ft"
OWNER,3 , 44 L,Chandanagar,1240 ,Under ConstructionConstruction Status,"3,548 / sq ft"
OWNER,3 , 44 L,Chandanagar,1240 ,Under ConstructionConstruction Status,"3,548 / sq ft"
OWNER,3 , 44 L,Chandanagar,1240 ,Under ConstructionConstruction Status,"3,548 / sq ft"
OWNER,3 , 44 L,Chandanagar,1240 ,Under ConstructionConstruction Status,"3,548 / sq ft"
OWNER,2 , 36 L,Miyapur,1020 ,Under ConstructionConstruction Status,"3,529 / sq ft"
OWNER,2 , 36 L,Miyapur,1020 ,Under ConstructionConstruction Status,"3,529 / sq ft"
OWNER,2 , 36 L,Miyapur,1020 ,Under ConstructionConstruction Status,"3,529 / sq ft"
OWNER,3 , 36 L,muthangi,1520 ,Under ConstructionConstruction Status,"2,368 / sq ft"
OWNER,2 , 70 L,Manikonda,1300 ,Ready to moveConstruction Status,"5,384 / sq ft"
OWNER,2 , 36 L,Miyapur,1020 ,Under ConstructionConstruction Status,"3,529 / sq ft"
OWNER,3 , 36 L,muthangi,1520 ,Under ConstructionConstruction Status,"2,368 / sq ft"
OWNER,3 , 36 L,muthangi,1520 ,Under ConstructionConstruction Status,"2,368 / sq ft"
OWNER,3 , 36 L,muthangi,1520 ,Under ConstructionConstruction Status,"2,368 / sq ft"
OWNER,3 , 36 L,muthangi,1520 ,Under ConstructionConstruction Status,"2,368 / sq ft"
OWNER,3 , 36 L,muthangi,1520 ,Under ConstructionConstruction Status,"2,368 / sq ft"
OWNER,2 , 26 L,muthangi,1170 ,Under ConstructionConstruction Status,"2,222 / sq ft"
OWNER,3 , 44 L,Chandanagar,1240 ,Under ConstructionConstruction Status,"3,548 / sq ft"
OWNER,3 , 44 L,Chandanagar,1240 ,Under ConstructionConstruction Status,"3,548 / sq ft"
OWNER,3 , 44 L,Chandanagar,1240 ,Under ConstructionConstruction Status,"3,548 / sq ft"
OWNER,3 , 44 L,Chandanagar,1240 ,Under ConstructionConstruction Status,"3,548 / sq ft"
OWNER,2 , 36 L,Miyapur,1020 ,Under ConstructionConstruction Status,"3,529 / sq ft"
OWNER,2 , 36 L,Miyapur,1020 ,Under ConstructionConstruction Status,"3,529 / sq ft"
OWNER,2 , 36 L,Miyapur,1020 ,Under ConstructionConstruction Status,"3,529 / sq ft"
OWNER,2 , 36 L,Miyapur,1020 ,Under ConstructionConstruction Status,"3,529 / sq ft"
OWNER,2 , 36 L,Miyapur,1020 ,Under ConstructionConstruction Status,"3,529 / sq ft"
OWNER,3 , 47.6 L,Miyapur,1360 ,Under ConstructionConstruction Status,"3,500 / sq ft"
OWNER,3 , 47.6 L,Miyapur,1360 ,Under ConstructionConstruction Status,"3,500 / sq ft"
OWNER,2 , 36 L,Miyapur,1020 ,Under ConstructionConstruction Status,"3,529 / sq ft"
OWNER,2 , 36 L,Miyapur,1020 ,Under ConstructionConstruction Status,"3,529 / sq ft"
OWNER,2 , 26 L,muthangi,1170 ,Under ConstructionConstruction Status,"2,222 / sq ft"
OWNER,3 , 44 L,Chandanagar,1240 ,Under ConstructionConstruction Status,"3,548 / sq ft"
OWNER,3 , 36 L,muthangi,1560 ,Under ConstructionConstruction Status,"2,307 / sq ft"
OWNER,3 , 36 L,muthangi,1560 ,Under ConstructionConstruction Status,"2,307 / sq ft"
OWNER,2 , 26 L,muthangi,1170 ,Under ConstructionConstruction Status,"2,222 / sq ft"
OWNER,3 , 44 L,Chandanagar,1240 ,Under ConstructionConstruction Status,"3,548 / sq ft"
OWNER,3 , 44 L,Chandanagar,1240 ,Under ConstructionConstruction Status,"3,548 / sq ft"
OWNER,3 , 44 L,Chandanagar,1240 ,Under ConstructionConstruction Status,"3,548 / sq ft"
OWNER,3 , 44 L,Chandanagar,1240 ,Under ConstructionConstruction Status,"3,548 / sq ft"
OWNER,3 , 44 L,Chandanagar,1240 ,Under ConstructionConstruction Status,"3,548 / sq ft"
OWNER,2 , 38 L,Chandanagar Vill,1040 ,Under ConstructionConstruction Status,"3,653 / sq ft"
OWNER,2 , 38 L,Chandanagar Vill,1040 ,Under ConstructionConstruction Status,"3,653 / sq ft"
OWNER,2 , 38 L,Chandanagar Vill,1040 ,Under ConstructionConstruction Status,"3,653 / sq ft"
OWNER,2 , 38 L,Chandanagar Vill,1040 ,Under ConstructionConstruction Status,"3,653 / sq ft"
OWNER,2 , 38 L,Chandanagar Vill,1040 ,Under ConstructionConstruction Status,"3,653 / sq ft"
OWNER,2 , 38 L,Chandanagar Vill,1040 ,Under ConstructionConstruction Status,"3,653 / sq ft"
OWNER,2 , 26 L,muthangi,1150 ,Under ConstructionConstruction Status,"2,260 / sq ft"
OWNER,2 , 26 L,muthangi,1150 ,Under ConstructionConstruction Status,"2,260 / sq ft"
OWNER,3 , 44 L,Chandanagar,1240 ,Under ConstructionConstruction Status,"3,548 / sq ft"
OWNER,2 , 36 L,Miyapur,1040 ,Under ConstructionConstruction Status,"3,461 / sq ft"
OWNER,3 , 36 L,muthangi,1560 ,Under ConstructionConstruction Status,"2,307 / sq ft"
OWNER,2 , 36 L,Miyapur,1040 ,Under ConstructionConstruction Status,"3,461 / sq ft"
OWNER,2 , 36 L,Miyapur,1040 ,Under ConstructionConstruction Status,"3,461 / sq ft"
OWNER,2 , 36 L,Miyapur,1040 ,Under ConstructionConstruction Status,"3,461 / sq ft"
OWNER,3 , 36 L,muthangi,1560 ,Under ConstructionConstruction Status,"2,307 / sq ft"
OWNER,3 , 44 L,Chandanagar,1240 ,Under ConstructionConstruction Status,"3,548 / sq ft"
OWNER,2 , 35 L,muthangi,1560 ,Under ConstructionConstruction Status,"2,243 / sq ft"
OWNER,2 , 35 L,muthangi,1560 ,Under ConstructionConstruction Status,"2,243 / sq ft"
OWNER,2 , 35 L,muthangi,1560 ,Under ConstructionConstruction Status,"2,243 / sq ft"
OWNER,2 , 35 L,muthangi,1560 ,Under ConstructionConstruction Status,"2,243 / sq ft"
OWNER,2 , 35 L,muthangi,1560 ,Under ConstructionConstruction Status,"2,243 / sq ft"
OWNER,3 , 44 L,Chandanagar,1240 ,Under ConstructionConstruction Status,"3,548 / sq ft"
OWNER,3 , 44 L,Chandanagar,1240 ,Under ConstructionConstruction Status,"3,548 / sq ft"
OWNER,3 , 44 L,Chandanagar,1240 ,Under ConstructionConstruction Status,"3,548 / sq ft"
OWNER,3 , 44 L,Chandanagar,1240 ,Under ConstructionConstruction Status,"3,548 / sq ft"
OWNER,3 , 44 L,Chandanagar,1240 ,Under ConstructionConstruction Status,"3,548 / sq ft"
OWNER,2 , 38 L,Chandanagar Vill,1040 ,Under ConstructionConstruction Status,"3,653 / sq ft"
OWNER,2 , 38 L,Chandanagar Vill,1040 ,Under ConstructionConstruction Status,"3,653 / sq ft"
OWNER,2 , 36 L,Miyapur,1150 ,Under ConstructionConstruction Status,"3,130 / sq ft"
OWNER,2 , 26 L,muthangi,1150 ,Under ConstructionConstruction Status,"2,260 / sq ft"
OWNER,2 , 36 L,Miyapur,1150 ,Under ConstructionConstruction Status,"3,130 / sq ft"
OWNER,2 , 36 L,Miyapur,1150 ,Under ConstructionConstruction Status,"3,130 / sq ft"
OWNER,2 , 35 L,muthangi,1560 ,Under ConstructionConstruction Status,"2,243 / sq ft"
OWNER,3 , 44 L,Chandanagar,1240 ,Under ConstructionConstruction Status,"3,548 / sq ft"
OWNER,2 , 38 L,Chandanagar Vill,1040 ,Under ConstructionConstruction Status,"3,653 / sq ft"
OWNER,2 , 36 L,Miyapur,1150 ,Under ConstructionConstruction Status,"3,130 / sq ft"
OWNER,2 , 38 L,Chandanagar Vill,1040 ,Under ConstructionConstruction Status,"3,653 / sq ft"
OWNER,2 , 38 L,Chandanagar Vill,1040 ,Under ConstructionConstruction Status,"3,653 / sq ft"
OWNER,2 , 26 L,muthangi,1150 ,Under ConstructionConstruction Status,"2,260 / sq ft"
OWNER,2 , 38 L,Chandanagar Vill,1040 ,Under ConstructionConstruction Status,"3,653 / sq ft"
OWNER,2 , 38 L,Chandanagar Vill,1040 ,Under ConstructionConstruction Status,"3,653 / sq ft"
OWNER,2 , 26 L,muthangi,1150 ,Under ConstructionConstruction Status,"2,260 / sq ft"
OWNER,2 , 26 L,muthangi,1150 ,Under ConstructionConstruction Status,"2,260 / sq ft"
OWNER,2 , 26 L,muthangi,1150 ,Under ConstructionConstruction Status,"2,260 / sq ft"
OWNER,2 , 38 L,Chandanagar Vill,1040 ,Under ConstructionConstruction Status,"3,653 / sq ft"
OWNER,2 , 26 L,muthangi,1150 ,Under ConstructionConstruction Status,"2,260 / sq ft"
OWNER,2 , 70 L,Manikonda,1300 ,Ready to moveConstruction Status,"5,384 / sq ft"
OWNER,3 , 44 L,Chandanagar,1240 ,Under ConstructionConstruction Status,"3,548 / sq ft"
OWNER,2 , 35 L,muthangi,1560 ,Under ConstructionConstruction Status,"2,243 / sq ft"
OWNER,3 , 44 L,Chandanagar,1240 ,Under ConstructionConstruction Status,"3,548 / sq ft"
OWNER,2 , 38 L,Chandanagar Vill,1040 ,Under ConstructionConstruction Status,"3,653 / sq ft"
OWNER,2 , 36 L,Miyapur,1150 ,Under ConstructionConstruction Status,"3,130 / sq ft"
OWNER,2 , 38 L,Chandanagar Vill,1040 ,Under ConstructionConstruction Status,"3,653 / sq ft"
OWNER,2 , 38 L,Chandanagar Vill,1040 ,Under ConstructionConstruction Status,"3,653 / sq ft"
OWNER,2 , 26 L,muthangi,1150 ,Under ConstructionConstruction Status,"2,260 / sq ft"
OWNER,2 , 38 L,Chandanagar Vill,1040 ,Under ConstructionConstruction Status,"3,653 / sq ft"
OWNER,2 , 38 L,Chandanagar Vill,1040 ,Under ConstructionConstruction Status,"3,653 / sq ft"
OWNER,2 , 26 L,muthangi,1150 ,Under ConstructionConstruction Status,"2,260 / sq ft"
OWNER,2 , 26 L,muthangi,1150 ,Under ConstructionConstruction Status,"2,260 / sq ft"
OWNER,2 , 26 L,muthangi,1150 ,Under ConstructionConstruction Status,"2,260 / sq ft"
OWNER,2 , 38 L,Chandanagar Vill,1040 ,Under ConstructionConstruction Status,"3,653 / sq ft"
OWNER,2 , 26 L,muthangi,1150 ,Under ConstructionConstruction Status,"2,260 / sq ft"
OWNER,2 , 26 L,muthangi,1170 ,Under ConstructionConstruction Status,"2,222 / sq ft"
OWNER,2 , 36 L,Miyapur,1150 ,Under ConstructionConstruction Status,"3,130 / sq ft"
OWNER,2 , 36 L,Miyapur,1150 ,Under ConstructionConstruction Status,"3,130 / sq ft"
OWNER,2 , 36 L,Miyapur,1150 ,Under ConstructionConstruction Status,"3,130 / sq ft"
OWNER,2 , 36 L,Miyapur,1150 ,Under ConstructionConstruction Status,"3,130 / sq ft"
OWNER,2 , 36 L,Miyapur,1150 ,Under ConstructionConstruction Status,"3,130 / sq ft"
OWNER,2 , 35 L,muthangi,1560 ,Under ConstructionConstruction Status,"2,243 / sq ft"
OWNER,2 , 35 L,muthangi,1560 ,Under ConstructionConstruction Status,"2,243 / sq ft"
OWNER,2 , 35 L,muthangi,1560 ,Under ConstructionConstruction Status,"2,243 / sq ft"
OWNER,2 , 35 L,muthangi,1560 ,Under ConstructionConstruction Status,"2,243 / sq ft"
OWNER,2 , 26 L,muthangi,1150 ,Under ConstructionConstruction Status,"2,260 / sq ft"
OWNER,2 , 26 L,muthangi,1150 ,Under ConstructionConstruction Status,"2,260 / sq ft"
OWNER,2 , 26 L,muthangi,1150 ,Under ConstructionConstruction Status,"2,260 / sq ft"
OWNER,2 , 26 L,muthangi,1150 ,Under ConstructionConstruction Status,"2,260 / sq ft"
OWNER,2 , 36 L,Miyapur,1150 ,Under ConstructionConstruction Status,"3,130 / sq ft"
OWNER,3 , 44 L,Chandanagar,1240 ,Under ConstructionConstruction Status,"3,548 / sq ft"
OWNER,2 , 34 L,Miyapur,1040 ,Under ConstructionConstruction Status,"3,269 / sq ft"
OWNER,2 , 26 L,muthangi,1150 ,Under ConstructionConstruction Status,"2,260 / sq ft"
OWNER,3 , 44 L,Chandanagar,1240 ,Under ConstructionConstruction Status,"3,548 / sq ft"
OWNER,3 , 44 L,Chandanagar,1240 ,Under ConstructionConstruction Status,"3,548 / sq ft"
OWNER,2 , 26 L,muthangi,1150 ,Under ConstructionConstruction Status,"2,260 / sq ft"
OWNER,2 , 38 L,Chandanagar Vill,1040 ,Under ConstructionConstruction Status,"3,653 / sq ft"
OWNER,2 , 36 L,Miyapur,1150 ,Under ConstructionConstruction Status,"3,130 / sq ft"
OWNER,2 , 35.7 L,Miyapur,1020 ,Under ConstructionConstruction Status,"3,500 / sq ft"
OWNER,3 , 54.6 L,Miyapur,1560 ,Under ConstructionConstruction Status,"3,500 / sq ft"
OWNER,2 , 35 L,muthangi,1560 ,Under ConstructionConstruction Status,"2,243 / sq ft"
OWNER,3 , 36 L,muthangi,1520 ,Under ConstructionConstruction Status,"2,368 / sq ft"
OWNER,2 , 26 L,muthangi,1170 ,Under ConstructionConstruction Status,"2,222 / sq ft"
OWNER,3 , 44 L,Chandanagar,1240 ,Under ConstructionConstruction Status,"3,548 / sq ft"
OWNER,3 , 36 L,muthangi,1520 ,Under ConstructionConstruction Status,"2,368 / sq ft"
OWNER,2 , 36 L,Miyapur,1040 ,Under ConstructionConstruction Status,"3,461 / sq ft"
OWNER,3 , 44 L,Chandanagar,1260 ,Under ConstructionConstruction Status,"3,492 / sq ft"
OWNER,2 , 34 L,Chandanagar,1040 ,Under ConstructionConstruction Status,"3,269 / sq ft"
OWNER,2 , 38 L,Chandanagar,1040 ,Under ConstructionConstruction Status,"3,653 / sq ft"
OWNER,2 , 36 L,Chandanagar,1020 ,Under ConstructionConstruction Status,"3,529 / sq ft"
OWNER,2 , 36 L,Chandanagar,1020 ,Under ConstructionConstruction Status,"3,529 / sq ft"
OWNER,2 , 36 L,Chandanagar,1020 ,Under ConstructionConstruction Status,"3,529 / sq ft"
OWNER,3 , 43.4 L,Miyapur,1240 ,Under ConstructionConstruction Status,"3,500 / sq ft"
OWNER,3 , 43.4 L,Miyapur,1240 ,Under ConstructionConstruction Status,"3,500 / sq ft"
OWNER,3 , 43.4 L,Miyapur,1240 ,Under ConstructionConstruction Status,"3,500 / sq ft"
OWNER,3 , 43.4 L,Miyapur,1240 ,Under ConstructionConstruction Status,"3,500 / sq ft"
OWNER,3 , 43.4 L,Miyapur,1240 ,Under ConstructionConstruction Status,"3,500 / sq ft"
OWNER,2 , 36 L,Chandanagar,1020 ,Under ConstructionConstruction Status,"3,529 / sq ft"
OWNER,2 , 70 L,Manikonda,1300 ,Ready to moveConstruction Status,"5,384 / sq ft"
OWNER,2 , 70 L,Manikonda,1300 ,Ready to moveConstruction Status,"5,384 / sq ft"
OWNER,2 , 70 L,Manikonda,1300 ,Ready to moveConstruction Status,"5,384 / sq ft"
OWNER,3 , 43.4 L,Miyapur,1240 ,Under ConstructionConstruction Status,"3,500 / sq ft"
OWNER,3 , 44 L,Chandanagar,1260 ,Under ConstructionConstruction Status,"3,492 / sq ft"
OWNER,3 , 44 L,Chandanagar,1260 ,Under ConstructionConstruction Status,"3,492 / sq ft"
OWNER,3 , 44 L,Chandanagar,1260 ,Under ConstructionConstruction Status,"3,492 / sq ft"
OWNER,3 , 44 L,Chandanagar,1260 ,Under ConstructionConstruction Status,"3,492 / sq ft"
OWNER,3 , 44 L,Chandanagar,1260 ,Under ConstructionConstruction Status,"3,492 / sq ft"
OWNER,2 , 36 L,Chandanagar,1020 ,Under ConstructionConstruction Status,"3,529 / sq ft"
OWNER,2 , 36 L,Chandanagar,1020 ,Under ConstructionConstruction Status,"3,529 / sq ft"
OWNER,2 , 38 L,Miyapur,1060 ,Under ConstructionConstruction Status,"3,584 / sq ft"
OWNER,2 , 38 L,Miyapur,1040 ,Under ConstructionConstruction Status,"3,653 / sq ft"
OWNER,2 , 38 L,Miyapur,1060 ,Under ConstructionConstruction Status,"3,584 / sq ft"
OWNER,2 , 38 L,Miyapur,1060 ,Under ConstructionConstruction Status,"3,584 / sq ft"
OWNER,3 , 37 L,Chandanagar,1040 ,Under ConstructionConstruction Status,"3,557 / sq ft"
OWNER,2 , 38 L,Miyapur,1040 ,Under ConstructionConstruction Status,"3,653 / sq ft"
OWNER,2 , 38 L,Miyapur,1040 ,Under ConstructionConstruction Status,"3,653 / sq ft"
OWNER,2 , 38 L,Miyapur,1060 ,Under ConstructionConstruction Status,"3,584 / sq ft"
OWNER,2 , 38 L,Miyapur,1040 ,Under ConstructionConstruction Status,"3,653 / sq ft"
OWNER,2 , 38 L,Miyapur,1040 ,Under ConstructionConstruction Status,"3,653 / sq ft"
OWNER,2 , 38 L,Miyapur,1060 ,Under ConstructionConstruction Status,"3,584 / sq ft"
OWNER,2 , 38 L,Miyapur,1040 ,Under ConstructionConstruction Status,"3,653 / sq ft"
OWNER,2 , 38 L,Miyapur,1040 ,Under ConstructionConstruction Status,"3,653 / sq ft"
OWNER,2 , 38 L,Miyapur,1060 ,Under ConstructionConstruction Status,"3,584 / sq ft"
OWNER,2 , 38 L,Miyapur,1040 ,Under ConstructionConstruction Status,"3,653 / sq ft"
OWNER,2 , 38 L,Miyapur,1040 ,Under ConstructionConstruction Status,"3,653 / sq ft"
OWNER,2 , 38 L,Miyapur,1060 ,Under ConstructionConstruction Status,"3,584 / sq ft"
OWNER,2 , 38 L,Miyapur,1040 ,Under ConstructionConstruction Status,"3,653 / sq ft"
OWNER,2 , 38 L,Miyapur,1060 ,Under ConstructionConstruction Status,"3,584 / sq ft"
OWNER,2 , 38 L,Miyapur,1040 ,Under ConstructionConstruction Status,"3,653 / sq ft"
OWNER,2 , 38 L,Miyapur,1040 ,Under ConstructionConstruction Status,"3,653 / sq ft"
OWNER,2 , 36 L,Miyapur,1020 ,Under ConstructionConstruction Status,"3,529 / sq ft"
OWNER,3 , 44 L,Chandanagar,1240 ,Under ConstructionConstruction Status,"3,548 / sq ft"
OWNER,2 , 36 L,Miyapur,1020 ,Under ConstructionConstruction Status,"3,529 / sq ft"
OWNER,3 , 37 L,Chandanagar,1040 ,Under ConstructionConstruction Status,"3,557 / sq ft"
OWNER,2 , 36 L,Miyapur,1020 ,Under ConstructionConstruction Status,"3,529 / sq ft"
OWNER,2 , 36 L,Miyapur,1020 ,Under ConstructionConstruction Status,"3,529 / sq ft"
OWNER,2 , 36 L,Miyapur,1020 ,Under ConstructionConstruction Status,"3,529 / sq ft"
OWNER,3 , 37 L,Chandanagar,1040 ,Under ConstructionConstruction Status,"3,557 / sq ft"
OWNER,2 , 38 L,Miyapur,1060 ,Under ConstructionConstruction Status,"3,584 / sq ft"
OWNER,3 , 37 L,Chandanagar,1040 ,Under ConstructionConstruction Status,"3,557 / sq ft"
OWNER,3 , 37 L,Chandanagar,1040 ,Under ConstructionConstruction Status,"3,557 / sq ft"
OWNER,2 , 38 L,Miyapur,1060 ,Under ConstructionConstruction Status,"3,584 / sq ft"
OWNER,2 , 38 L,Miyapur,1040 ,Under ConstructionConstruction Status,"3,653 / sq ft"
OWNER,2 , 38 L,Miyapur,1040 ,Under ConstructionConstruction Status,"3,653 / sq ft"
OWNER,2 , 38 L,Miyapur,1040 ,Under ConstructionConstruction Status,"3,653 / sq ft"
OWNER,2 , 38 L,Miyapur,1040 ,Under ConstructionConstruction Status,"3,653 / sq ft"
OWNER,2 , 38 L,Miyapur,1040 ,Under ConstructionConstruction Status,"3,653 / sq ft"
OWNER,3 , 37 L,Chandanagar,1040 ,Under ConstructionConstruction Status,"3,557 / sq ft"
OWNER,2 , 38 L,Miyapur,1040 ,Under ConstructionConstruction Status,"3,653 / sq ft"
OWNER,3 , 37 L,Chandanagar,1040 ,Under ConstructionConstruction Status,"3,557 / sq ft"
OWNER,3 , 37 L,Chandanagar,1040 ,Under ConstructionConstruction Status,"3,557 / sq ft"
OWNER,3 , 37 L,Chandanagar,1040 ,Under ConstructionConstruction Status,"3,557 / sq ft"
OWNER,3 , 44 L,Chandanagar,1240 ,Under ConstructionConstruction Status,"3,548 / sq ft"
OWNER,3 , 44 L,Chandanagar,1240 ,Under ConstructionConstruction Status,"3,548 / sq ft"
OWNER,3 , 44 L,Chandanagar,1240 ,Under ConstructionConstruction Status,"3,548 / sq ft"
OWNER,3 , 37 L,Chandanagar,1040 ,Under ConstructionConstruction Status,"3,557 / sq ft"
OWNER,3 , 44 L,Chandanagar,1240 ,Under ConstructionConstruction Status,"3,548 / sq ft"
OWNER,3 , 44 L,Chandanagar,1240 ,Under ConstructionConstruction Status,"3,548 / sq ft"
OWNER,2 , 36 L,Miyapur,1020 ,Under ConstructionConstruction Status,"3,529 / sq ft"
OWNER,2 , 36 L,Miyapur,1020 ,Under ConstructionConstruction Status,"3,529 / sq ft"
OWNER,2 , 36 L,Miyapur,1020 ,Under ConstructionConstruction Status,"3,529 / sq ft"
OWNER,3 , 37 L,Chandanagar,1040 ,Under ConstructionConstruction Status,"3,557 / sq ft"
OWNER,2 , 38 L,Miyapur,1040 ,Under ConstructionConstruction Status,"3,653 / sq ft"
OWNER,3 , 37 L,Chandanagar,1040 ,Under ConstructionConstruction Status,"3,557 / sq ft"
OWNER,3 , 37 L,Chandanagar,1040 ,Under ConstructionConstruction Status,"3,557 / sq ft"
OWNER,3 , 37 L,Chandanagar,1040 ,Under ConstructionConstruction Status,"3,557 / sq ft"
OWNER,3 , 44 L,Chandanagar,1240 ,Under ConstructionConstruction Status,"3,548 / sq ft"
OWNER,3 , 44 L,Chandanagar,1240 ,Under ConstructionConstruction Status,"3,548 / sq ft"
OWNER,3 , 44 L,Chandanagar,1240 ,Under ConstructionConstruction Status,"3,548 / sq ft"
OWNER,3 , 37 L,Chandanagar,1040 ,Under ConstructionConstruction Status,"3,557 / sq ft"
OWNER,3 , 44 L,Chandanagar,1240 ,Under ConstructionConstruction Status,"3,548 / sq ft"
OWNER,3 , 44 L,Chandanagar,1240 ,Under ConstructionConstruction Status,"3,548 / sq ft"
OWNER,2 , 36 L,Miyapur,1020 ,Under ConstructionConstruction Status,"3,529 / sq ft"
OWNER,2 , 36 L,Miyapur,1020 ,Under ConstructionConstruction Status,"3,529 / sq ft"
OWNER,2 , 36 L,Miyapur,1020 ,Under ConstructionConstruction Status,"3,529 / sq ft"
OWNER,2 , 36 L,Miyapur,1020 ,Under ConstructionConstruction Status,"3,529 / sq ft"
OWNER,2 , 36 L,Miyapur,1020 ,Under ConstructionConstruction Status,"3,529 / sq ft"
OWNER,3 , 44 L,Chandanagar,1240 ,Under ConstructionConstruction Status,"3,548 / sq ft"
OWNER,3 , 44 L,Chandanagar,1240 ,Under ConstructionConstruction Status,"3,548 / sq ft"
OWNER,3 , 44 L,Chandanagar,1240 ,Under ConstructionConstruction Status,"3,548 / sq ft"
OWNER,3 , 44 L,Chandanagar,1240 ,Under ConstructionConstruction Status,"3,548 / sq ft"
OWNER,3 , 59 L,Nizampet,1705 ,Ready to moveConstruction Status,"3,460 / sq ft"
OWNER,3 , 44 L,Chandanagar,1260 ,Under ConstructionConstruction Status,"3,492 / sq ft"
OWNER,2 , 36 L,Chandanagar,1020 ,Under ConstructionConstruction Status,"3,529 / sq ft"
OWNER,3 , 43.4 L,Miyapur,1240 ,Under ConstructionConstruction Status,"3,500 / sq ft"
OWNER,Residential Plot, 11.26 L,Shadnagar,1314 ,ResaleNew/Resale,856 / sq ft
OWNER,Residential Plot, 11.26 L,Shadnagar,1314 ,ResaleNew/Resale,856 / sq ft
OWNER,Residential Plot, 11.26 L,Shadnagar,1314 ,ResaleNew/Resale,856 / sq ft
OWNER,Residential Plot, 11.26 L,Shadnagar,1314 ,ResaleNew/Resale,856 / sq ft
OWNER,Residential Plot, 11.26 L,Shadnagar,1314 ,ResaleNew/Resale,856 / sq ft
OWNER,Residential Plot, 11.26 L,Shadnagar,1314 ,ResaleNew/Resale,856 / sq ft
OWNER,Residential Plot, 11.26 L,Shadnagar,1314 ,ResaleNew/Resale,856 / sq ft
OWNER,2 , 36 L,muthangi,1570 ,Under ConstructionConstruction Status,"2,292 / sq ft"
OWNER,2 , 36 L,muthangi,1570 ,Under ConstructionConstruction Status,"2,292 / sq ft"
OWNER,2 , 36 L,muthangi,1570 ,Under ConstructionConstruction Status,"2,292 / sq ft"
OWNER,2 , 36 L,muthangi,1570 ,Under ConstructionConstruction Status,"2,292 / sq ft"
OWNER,2 , 36 L,muthangi,1570 ,Under ConstructionConstruction Status,"2,292 / sq ft"
OWNER,2 , 36 L,muthangi,1570 ,Under ConstructionConstruction Status,"2,292 / sq ft"
OWNER,2 , 36 L,muthangi,1570 ,Under ConstructionConstruction Status,"2,292 / sq ft"
OWNER,3 , 36 L,muthangi,1570 ,Under ConstructionConstruction Status,"2,292 / sq ft"
OWNER,3 , 36 L,muthangi,1570 ,Under ConstructionConstruction Status,"2,292 / sq ft"
OWNER,2 , 36 L,muthangi,1570 ,Under ConstructionConstruction Status,"2,292 / sq ft"
OWNER,3 , 36 L,muthangi,1560 ,Under ConstructionConstruction Status,"2,307 / sq ft"
OWNER,3 , 36 L,muthangi,1560 ,Under ConstructionConstruction Status,"2,307 / sq ft"
OWNER,3 , 36 L,muthangi,1560 ,Under ConstructionConstruction Status,"2,307 / sq ft"
OWNER,3 , 36 L,muthangi,1570 ,Under ConstructionConstruction Status,"2,292 / sq ft"
OWNER,2 , 26 L,muthangi,1160 ,Under ConstructionConstruction Status,"2,241 / sq ft"
OWNER,2 , 36 L,muthangi,1570 ,Under ConstructionConstruction Status,"2,292 / sq ft"
OWNER,2 , 26 L,muthangi,1160 ,Under ConstructionConstruction Status,"2,241 / sq ft"
OWNER,3 , 36 L,muthangi,1570 ,Under ConstructionConstruction Status,"2,292 / sq ft"
OWNER,2 , 26 L,muthangi,1170 ,Under ConstructionConstruction Status,"2,222 / sq ft"
OWNER,2 , 36 L,muthangi,1570 ,Under ConstructionConstruction Status,"2,292 / sq ft"
OWNER,2 , 26 L,muthangi,1160 ,Under ConstructionConstruction Status,"2,241 / sq ft"
OWNER,2 , 26 L,muthangi,1160 ,Under ConstructionConstruction Status,"2,241 / sq ft"
OWNER,2 , 26 L,muthangi,1170 ,Under ConstructionConstruction Status,"2,222 / sq ft"
OWNER,3 , 36 L,muthangi,1570 ,Under ConstructionConstruction Status,"2,292 / sq ft"
OWNER,2 , 26 L,muthangi,1160 ,Under ConstructionConstruction Status,"2,241 / sq ft"
OWNER,2 , 26 L,muthangi,1170 ,Under ConstructionConstruction Status,"2,222 / sq ft"
OWNER,2 , 26 L,muthangi,1160 ,Under ConstructionConstruction Status,"2,241 / sq ft"
OWNER,2 , 26 L,muthangi,1160 ,Under ConstructionConstruction Status,"2,241 / sq ft"
OWNER,2 , 26 L,muthangi,1160 ,Under ConstructionConstruction Status,"2,241 / sq ft"
OWNER,2 , 26 L,muthangi,1160 ,Under ConstructionConstruction Status,"2,241 / sq ft"
OWNER,2 , 26 L,muthangi,1160 ,Under ConstructionConstruction Status,"2,241 / sq ft"
OWNER,2 , 26 L,muthangi,1160 ,Under ConstructionConstruction Status,"2,241 / sq ft"
OWNER,2 , 26 L,muthangi,1500 ,Under ConstructionConstruction Status,"1,733 / sq ft"
OWNER,2 , 26 L,muthangi,1500 ,Under ConstructionConstruction Status,"1,733 / sq ft"
OWNER,2 , 26 L,muthangi,1500 ,Under ConstructionConstruction Status,"1,733 / sq ft"
OWNER,2 , 26 L,muthangi,1500 ,Under ConstructionConstruction Status,"1,733 / sq ft"
OWNER,2 , 26 L,muthangi,1500 ,Under ConstructionConstruction Status,"1,733 / sq ft"
OWNER,2 , 26 L,muthangi,1500 ,Under ConstructionConstruction Status,"1,733 / sq ft"
OWNER,2 , 26 L,muthangi,1530 ,Under ConstructionConstruction Status,"1,699 / sq ft"
OWNER,2 , 26 L,muthangi,1530 ,Under ConstructionConstruction Status,"1,699 / sq ft"
OWNER,2 , 35.7 L,Miyapur,1020 ,Under ConstructionConstruction Status,"3,500 / sq ft"
OWNER,2 , 26 L,muthangi,1530 ,Under ConstructionConstruction Status,"1,699 / sq ft"
OWNER,2 , 35.7 L,Miyapur,1020 ,Under ConstructionConstruction Status,"3,500 / sq ft"
OWNER,2 , 35.7 L,Miyapur,1020 ,Under ConstructionConstruction Status,"3,500 / sq ft"
OWNER,2 , 35.7 L,Miyapur,1020 ,Under ConstructionConstruction Status,"3,500 / sq ft"
OWNER,2 , 26 L,muthangi,1530 ,Under ConstructionConstruction Status,"1,699 / sq ft"
OWNER,2 , 35.7 L,Miyapur,1020 ,Under ConstructionConstruction Status,"3,500 / sq ft"
OWNER,3 , 36 L,muthangi,1560 ,Under ConstructionConstruction Status,"2,307 / sq ft"
OWNER,2 , 26 L,muthangi,1160 ,Under ConstructionConstruction Status,"2,241 / sq ft"
OWNER,2 , 26 L,muthangi,1500 ,Under ConstructionConstruction Status,"1,733 / sq ft"
OWNER,2 , 26 L,muthangi,1500 ,Under ConstructionConstruction Status,"1,733 / sq ft"
OWNER,2 , 26 L,muthangi,1500 ,Under ConstructionConstruction Status,"1,733 / sq ft"
OWNER,2 , 26 L,muthangi,1500 ,Under ConstructionConstruction Status,"1,733 / sq ft"
OWNER,2 , 26 L,muthangi,1500 ,Under ConstructionConstruction Status,"1,733 / sq ft"
OWNER,2 , 26 L,muthangi,1500 ,Under ConstructionConstruction Status,"1,733 / sq ft"
OWNER,2 , 26 L,muthangi,1530 ,Under ConstructionConstruction Status,"1,699 / sq ft"
OWNER,2 , 26 L,muthangi,1530 ,Under ConstructionConstruction Status,"1,699 / sq ft"
OWNER,2 , 35.7 L,Miyapur,1020 ,Under ConstructionConstruction Status,"3,500 / sq ft"
OWNER,2 , 26 L,muthangi,1530 ,Under ConstructionConstruction Status,"1,699 / sq ft"
OWNER,2 , 35.7 L,Miyapur,1020 ,Under ConstructionConstruction Status,"3,500 / sq ft"
OWNER,2 , 35.7 L,Miyapur,1020 ,Under ConstructionConstruction Status,"3,500 / sq ft"
OWNER,2 , 35.7 L,Miyapur,1020 ,Under ConstructionConstruction Status,"3,500 / sq ft"
OWNER,2 , 26 L,muthangi,1530 ,Under ConstructionConstruction Status,"1,699 / sq ft"
OWNER,2 , 35.7 L,Miyapur,1020 ,Under ConstructionConstruction Status,"3,500 / sq ft"
OWNER,3 , 36 L,muthangi,1560 ,Under ConstructionConstruction Status,"2,307 / sq ft"
OWNER,2 , 26 L,muthangi,1160 ,Under ConstructionConstruction Status,"2,241 / sq ft"
OWNER,2 , 26 L,muthangi,1170 ,Under ConstructionConstruction Status,"2,222 / sq ft"
OWNER,2 , 26 L,muthangi,1530 ,Under ConstructionConstruction Status,"1,699 / sq ft"
OWNER,2 , 36 L,muthangi,1570 ,Under ConstructionConstruction Status,"2,292 / sq ft"
OWNER,2 , 26 L,muthangi,1530 ,Under ConstructionConstruction Status,"1,699 / sq ft"
OWNER,3 , 36 L,muthangi,1570 ,Under ConstructionConstruction Status,"2,292 / sq ft"
OWNER,2 , 26 L,muthangi,1530 ,Under ConstructionConstruction Status,"1,699 / sq ft"
OWNER,2 , 36 L,muthangi,1570 ,Under ConstructionConstruction Status,"2,292 / sq ft"
OWNER,2 , 26 L,muthangi,1160 ,Under ConstructionConstruction Status,"2,241 / sq ft"
OWNER,2 , 36 L,muthangi,1570 ,Under ConstructionConstruction Status,"2,292 / sq ft"
OWNER,3 , 36 L,muthangi,1570 ,Under ConstructionConstruction Status,"2,292 / sq ft"
OWNER,2 , 26 L,muthangi,1500 ,Under ConstructionConstruction Status,"1,733 / sq ft"
OWNER,2 , 26 L,muthangi,1160 ,Under ConstructionConstruction Status,"2,241 / sq ft"
OWNER,3 , 43.4 L,Miyapur,1240 ,Under ConstructionConstruction Status,"3,500 / sq ft"
OWNER,2 , 35.7 L,Miyapur,1020 ,Under ConstructionConstruction Status,"3,500 / sq ft"
OWNER,2 , 26 L,muthangi,1160 ,Under ConstructionConstruction Status,"2,241 / sq ft"
OWNER,2 , 26 L,muthangi,1170 ,Under ConstructionConstruction Status,"2,222 / sq ft"
OWNER,3 , 36 L,muthangi,1570 ,Under ConstructionConstruction Status,"2,292 / sq ft"
OWNER,2 , 26 L,muthangi,1160 ,Under ConstructionConstruction Status,"2,241 / sq ft"
OWNER,2 , 26 L,muthangi,1160 ,Under ConstructionConstruction Status,"2,241 / sq ft"
OWNER,2 , 26 L,muthangi,1530 ,Under ConstructionConstruction Status,"1,699 / sq ft"
OWNER,2 , 26 L,muthangi,1160 ,Under ConstructionConstruction Status,"2,241 / sq ft"
OWNER,2 , 26 L,muthangi,1160 ,Under ConstructionConstruction Status,"2,241 / sq ft"
OWNER,2 , 26 L,muthangi,1530 ,Under ConstructionConstruction Status,"1,699 / sq ft"
OWNER,2 , 26 L,muthangi,1160 ,Under ConstructionConstruction Status,"2,241 / sq ft"
OWNER,2 , 26 L,muthangi,1500 ,Under ConstructionConstruction Status,"1,733 / sq ft"
OWNER,2 , 26 L,muthangi,1500 ,Under ConstructionConstruction Status,"1,733 / sq ft"
OWNER,3 , 36 L,muthangi,1560 ,Under ConstructionConstruction Status,"2,307 / sq ft"
OWNER,3 , 36 L,muthangi,1560 ,Under ConstructionConstruction Status,"2,307 / sq ft"
OWNER,2 , 26 L,muthangi,1500 ,Under ConstructionConstruction Status,"1,733 / sq ft"
OWNER,2 , 26 L,muthangi,1160 ,Under ConstructionConstruction Status,"2,241 / sq ft"
OWNER,2 , 26 L,muthangi,1500 ,Under ConstructionConstruction Status,"1,733 / sq ft"
OWNER,2 , 26 L,muthangi,1500 ,Under ConstructionConstruction Status,"1,733 / sq ft"
OWNER,3 , 36 L,muthangi,1560 ,Under ConstructionConstruction Status,"2,307 / sq ft"
OWNER,2 , 26 L,muthangi,1160 ,Under ConstructionConstruction Status,"2,241 / sq ft"
OWNER,3 , 43.4 L,Miyapur,1240 ,Under ConstructionConstruction Status,"3,500 / sq ft"
OWNER,3 , 43.4 L,Miyapur,1240 ,Under ConstructionConstruction Status,"3,500 / sq ft"
OWNER,3 , 43.4 L,Miyapur,1240 ,Under ConstructionConstruction Status,"3,500 / sq ft"
OWNER,3 , 43.4 L,Miyapur,1240 ,Under ConstructionConstruction Status,"3,500 / sq ft"
OWNER,3 , 43.4 L,Miyapur,1240 ,Under ConstructionConstruction Status,"3,500 / sq ft"
OWNER,3 , 43.4 L,Miyapur,1240 ,Under ConstructionConstruction Status,"3,500 / sq ft"
OWNER,2 , 35.7 L,Miyapur,1020 ,Under ConstructionConstruction Status,"3,500 / sq ft"
OWNER,3 , 43.4 L,Miyapur,1240 ,Under ConstructionConstruction Status,"3,500 / sq ft"
OWNER,2 , 26 L,muthangi,1160 ,Under ConstructionConstruction Status,"2,241 / sq ft"
OWNER,2 , 35.7 L,Miyapur,1020 ,Under ConstructionConstruction Status,"3,500 / sq ft"
OWNER,3 , 36 L,muthangi,1560 ,Under ConstructionConstruction Status,"2,307 / sq ft"
OWNER,3 , 36 L,muthangi,1560 ,Under ConstructionConstruction Status,"2,307 / sq ft"
OWNER,2 , 26 L,muthangi,1160 ,Under ConstructionConstruction Status,"2,241 / sq ft"
OWNER,2 , 26 L,muthangi,1160 ,Under ConstructionConstruction Status,"2,241 / sq ft"
OWNER,3 , 36 L,muthangi,1560 ,Under ConstructionConstruction Status,"2,307 / sq ft"
OWNER,3 , 36 L,muthangi,1560 ,Under ConstructionConstruction Status,"2,307 / sq ft"
OWNER,2 , 35.7 L,Miyapur,1020 ,Under ConstructionConstruction Status,"3,500 / sq ft"
OWNER,2 , 36 L,muthangi,1570 ,Under ConstructionConstruction Status,"2,292 / sq ft"
OWNER,2 , 26 L,muthangi,1500 ,Under ConstructionConstruction Status,"1,733 / sq ft"
OWNER,2 , 26 L,muthangi,1160 ,Under ConstructionConstruction Status,"2,241 / sq ft"
OWNER,3 , 36 L,muthangi,1560 ,Under ConstructionConstruction Status,"2,307 / sq ft"
OWNER,2 , 35.7 L,Miyapur,1020 ,Under ConstructionConstruction Status,"3,500 / sq ft"
OWNER,2 , 26 L,muthangi,1160 ,Under ConstructionConstruction Status,"2,241 / sq ft"
OWNER,2 , 35.7 L,Miyapur,1020 ,Under ConstructionConstruction Status,"3,500 / sq ft"
OWNER,2 , 35.7 L,Miyapur,1020 ,Under ConstructionConstruction Status,"3,500 / sq ft"
OWNER,2 , 35.7 L,Miyapur,1020 ,Under ConstructionConstruction Status,"3,500 / sq ft"
OWNER,3 , 43.4 L,Miyapur,1240 ,Under ConstructionConstruction Status,"3,500 / sq ft"
OWNER,3 , 43.4 L,Miyapur,1240 ,Under ConstructionConstruction Status,"3,500 / sq ft"
OWNER,3 , 43.4 L,Miyapur,1240 ,Under ConstructionConstruction Status,"3,500 / sq ft"
OWNER,3 , 1.31 Cr,AS Rao Nagar,3000 ,Ready to moveConstruction Status,"4,366 / sq ft"
OWNER,3 , 1.19 Cr,AS Rao Nagar,3000 ,Ready to moveConstruction Status,"3,966 / sq ft"
OWNER,3 , 1.31 Cr,AS Rao Nagar,3000 ,Ready to moveConstruction Status,"4,366 / sq ft"
OWNER,3 , 1.31 Cr,AS Rao Nagar,3000 ,Ready to moveConstruction Status,"4,366 / sq ft"
OWNER,3 , 1.31 Cr,AS Rao Nagar,3000 ,Ready to moveConstruction Status,"4,366 / sq ft"
OWNER,3 , 1.31 Cr,AS Rao Nagar,3000 ,Ready to moveConstruction Status,"4,366 / sq ft"
OWNER,2 , 60 L,Pasumamula,1300 ,Under ConstructionConstruction Status,"4,615 / sq ft"
OWNER,2 , 60 L,Pasumamula,1300 ,Under ConstructionConstruction Status,"4,615 / sq ft"
OWNER,2 , 60 L,Pasumamula,1300 ,Under ConstructionConstruction Status,"4,615 / sq ft"
OWNER,2 , 60 L,Pasumamula,1300 ,Under ConstructionConstruction Status,"4,615 / sq ft"
OWNER,2 , 60 L,Pasumamula,1300 ,Under ConstructionConstruction Status,"4,615 / sq ft"
OWNER,2 , 60 L,Pasumamula,1300 ,Under ConstructionConstruction Status,"4,615 / sq ft"
OWNER,2 , 60 L,Pasumamula,1300 ,Under ConstructionConstruction Status,"4,615 / sq ft"
OWNER,2 , 60 L,Pasumamula,1300 ,Under ConstructionConstruction Status,"4,615 / sq ft"
OWNER,2 , 1.29 Cr,Madhapur,1360 ,Ready to moveConstruction Status,"9,485 / sq ft"
OWNER,4 , 1 Cr,Kondakal,1800 ,Under ConstructionConstruction Status,"5,555 / sq ft"
OWNER,4 , 1 Cr,Kondakal,1800 ,Under ConstructionConstruction Status,"5,555 / sq ft"
OWNER,3 , 45 L,Kishan Bagh,900 ,Ready to moveConstruction Status,"5,000 / sq ft"
OWNER,2 , 62 L,Chengicherla,1197 ,Ready to moveConstruction Status,"5,179 / sq ft"
OWNER,2 , 53.72 L,Karmanghat,1130 ,Ready to moveConstruction Status,"4,753 / sq ft"
OWNER,2 , 32 L,Meerpet,870 ,Ready to moveConstruction Status,"3,678 / sq ft"
OWNER,3 , 1.66 Cr,Nanakramguda,1870 ,Ready to moveConstruction Status,"8,877 / sq ft"
OWNER,2 , 26 L,Manikonda,700 ,Ready to moveConstruction Status,"3,714 / sq ft"
OWNER,2 , 62 L,Chengicherla,1197 ,Ready to moveConstruction Status,"5,179 / sq ft"
OWNER,2 , 32 L,Jeedimetla,864 ,Ready to moveConstruction Status,"3,703 / sq ft"
OWNER,2 , 32 L,Jeedimetla,864 ,Ready to moveConstruction Status,"3,703 / sq ft"
OWNER,3 , 35 L,muthangi,1595 ,Under ConstructionConstruction Status,"2,194 / sq ft"
OWNER,3 , 35 L,muthangi,1595 ,Under ConstructionConstruction Status,"2,194 / sq ft"
OWNER,3 , 35 L,muthangi,1595 ,Under ConstructionConstruction Status,"2,194 / sq ft"
OWNER,3 , 35 L,muthangi,1595 ,Under ConstructionConstruction Status,"2,194 / sq ft"
OWNER,3 , 35 L,muthangi,1595 ,Under ConstructionConstruction Status,"2,194 / sq ft"
OWNER,3 , 35 L,muthangi,1595 ,Under ConstructionConstruction Status,"2,194 / sq ft"
OWNER,2 , 26 L,muthangi,1170 ,Under ConstructionConstruction Status,"2,222 / sq ft"
OWNER,2 , 26 L,muthangi,1170 ,Under ConstructionConstruction Status,"2,222 / sq ft"
OWNER,2 , 26 L,muthangi,1170 ,Under ConstructionConstruction Status,"2,222 / sq ft"
OWNER,2 , 26 L,muthangi,1170 ,Under ConstructionConstruction Status,"2,222 / sq ft"
OWNER,3 , 35 L,muthangi,1595 ,Under ConstructionConstruction Status,"2,194 / sq ft"
OWNER,2 , 26 L,muthangi,1170 ,Under ConstructionConstruction Status,"2,222 / sq ft"
OWNER,2 , 26 L,muthangi,1170 ,Under ConstructionConstruction Status,"2,222 / sq ft"
OWNER,3 , 35 L,muthangi,1595 ,Under ConstructionConstruction Status,"2,194 / sq ft"
OWNER,2 , 26 L,muthangi,1170 ,Under ConstructionConstruction Status,"2,222 / sq ft"
OWNER,3 , 35 L,muthangi,1595 ,Under ConstructionConstruction Status,"2,194 / sq ft"
OWNER,2 , 26 L,muthangi,1170 ,Under ConstructionConstruction Status,"2,222 / sq ft"
OWNER,2 , 26 L,muthangi,1170 ,Under ConstructionConstruction Status,"2,222 / sq ft"
OWNER,3 , 35 L,muthangi,1595 ,Under ConstructionConstruction Status,"2,194 / sq ft"
OWNER,2 , 26 L,muthangi,1170 ,Under ConstructionConstruction Status,"2,222 / sq ft"
OWNER,2 , 26 L,muthangi,1170 ,Under ConstructionConstruction Status,"2,222 / sq ft"
OWNER,2 , 26 L,muthangi,1170 ,Under ConstructionConstruction Status,"2,222 / sq ft"
OWNER,3 , 35 L,muthangi,1595 ,Under ConstructionConstruction Status,"2,194 / sq ft"
OWNER,3 , 35 L,muthangi,1595 ,Under ConstructionConstruction Status,"2,194 / sq ft"
OWNER,2 , 26 L,muthangi,1170 ,Under ConstructionConstruction Status,"2,222 / sq ft"
OWNER,3 , 35 L,muthangi,1595 ,Under ConstructionConstruction Status,"2,194 / sq ft"
OWNER,3 , 35 L,muthangi,1595 ,Under ConstructionConstruction Status,"2,194 / sq ft"
OWNER,3 , 35 L,muthangi,1595 ,Under ConstructionConstruction Status,"2,194 / sq ft"
OWNER,2 , 65 L,Suchitra,1220 ,Ready to moveConstruction Status,"5,327 / sq ft"
OWNER,Residential Plot, 24 L,Desh Mukhi,1850 ,ResaleNew/Resale,"1,297 / sq ft"
OWNER,Residential Plot, 28 L,Shankarpalli,1500 ,ResaleNew/Resale,"1,866 / sq ft"
OWNER,3 , 69.7 L,Bachupally,1470 ,Ready to moveConstruction Status,"4,741 / sq ft"
OWNER,3 , 69.5 L,Bachupally,1470 ,Ready to moveConstruction Status,"4,727 / sq ft"
OWNER,3 , 54.44 L,Kompally,1945 ,Under ConstructionConstruction Status,"2,798 / sq ft"
OWNER,2 , 50 L,Shankarpalli,1182 ,Under ConstructionConstruction Status,"4,230 / sq ft"
OWNER,2 , 50 L,Shankarpalli,1182 ,Under ConstructionConstruction Status,"4,230 / sq ft"
OWNER,2 , 50 L,Shankarpalli,1182 ,Under ConstructionConstruction Status,"4,230 / sq ft"
OWNER,2 , 50 L,Shankarpalli,1182 ,Under ConstructionConstruction Status,"4,230 / sq ft"
OWNER,2 , 50 L,Shankarpalli,1182 ,Under ConstructionConstruction Status,"4,230 / sq ft"
OWNER,2 , 50 L,Shankarpalli,1182 ,Under ConstructionConstruction Status,"4,230 / sq ft"
OWNER,2 , 50 L,Shankarpalli,1182 ,Under ConstructionConstruction Status,"4,230 / sq ft"
OWNER,3 , 54.44 L,Kompally,1945 ,Under ConstructionConstruction Status,"2,798 / sq ft"
OWNER,3 , 54.44 L,Kompally,1945 ,Under ConstructionConstruction Status,"2,798 / sq ft"
OWNER,3 , 54.44 L,Kompally,1945 ,Under ConstructionConstruction Status,"2,798 / sq ft"
OWNER,3 , 54.44 L,Kompally,1945 ,Under ConstructionConstruction Status,"2,798 / sq ft"
OWNER,3 , 54.44 L,Kompally,1945 ,Under ConstructionConstruction Status,"2,798 / sq ft"
OWNER,3 , 54.44 L,Kompally,1945 ,Under ConstructionConstruction Status,"2,798 / sq ft"
OWNER,3 , 54.44 L,Kompally,1945 ,Under ConstructionConstruction Status,"2,798 / sq ft"
OWNER,3 , 54.44 L,Kompally,1945 ,Under ConstructionConstruction Status,"2,798 / sq ft"
OWNER,3 , 54.44 L,Kompally,1945 ,Under ConstructionConstruction Status,"2,798 / sq ft"
OWNER,3 , 54.44 L,Kompally,1945 ,Under ConstructionConstruction Status,"2,798 / sq ft"
OWNER,2 , 57 L,Alwal,1200 ,Ready to moveConstruction Status,"4,750 / sq ft"
OWNER,3 , 56 L,Vanasthalipuram,1310 ,Under ConstructionConstruction Status,"4,274 / sq ft"
OWNER,2 , 50 L,Shankarpalli,1182 ,Under ConstructionConstruction Status,"4,230 / sq ft"
OWNER,3 , 54.44 L,Kompally,1945 ,Under ConstructionConstruction Status,"2,798 / sq ft"
OWNER,3 , 54.44 L,Kompally,1945 ,Under ConstructionConstruction Status,"2,798 / sq ft"
OWNER,3 , 54.44 L,Kompally,1945 ,Under ConstructionConstruction Status,"2,798 / sq ft"
OWNER,Residential Plot, 43 L,Gachibowli,450 ,ResaleNew/Resale,"9,555 / sq ft"
OWNER,Residential Plot, 23 L,Shankarpalli,1530 ,ResaleNew/Resale,"1,503 / sq ft"
OWNER,4 , 90 L,Malkajgiri,2000 ,Under ConstructionConstruction Status,"4,500 / sq ft"
OWNER,2 , 65 L,Tellapur,1228 ,Under ConstructionConstruction Status,"5,293 / sq ft"
OWNER,3 , 90 L,East Marredpally,1525 ,Ready to moveConstruction Status,"5,901 / sq ft"
OWNER,2 , 35 L,Pragathi Nagar Kukatpally,1200 ,Under ConstructionConstruction Status,"2,916 / sq ft"
OWNER,Residential Plot, 6.57 L,Shadnagar,1314 ,ResaleNew/Resale,500 / sq ft
OWNER,4 , 2.3 Cr,Balapur,2520 ,Ready to moveConstruction Status,"9,126 / sq ft"
OWNER,2 , 30 L,Bandlaguda Jagir,947 ,Ready to moveConstruction Status,"3,167 / sq ft"
OWNER,2 , 52.96 L,Shankarpalli,1142 ,Under ConstructionConstruction Status,"4,637 / sq ft"
OWNER,2 , 40 L,Sainikpuri,950 ,Ready to moveConstruction Status,"4,210 / sq ft"
OWNER,2 , 40 L,Sainikpuri,950 ,Ready to moveConstruction Status,"4,210 / sq ft"
OWNER,2 , 45 L,Patancheru,930 ,Under ConstructionConstruction Status,"4,838 / sq ft"
OWNER,2 , 45 L,Patancheru,930 ,Under ConstructionConstruction Status,"4,838 / sq ft"
OWNER,2 , 45 L,Patancheru,930 ,Under ConstructionConstruction Status,"4,838 / sq ft"
OWNER,2 , 45 L,Patancheru,930 ,Under ConstructionConstruction Status,"4,838 / sq ft"
OWNER,2 , 45 L,Patancheru,930 ,Under ConstructionConstruction Status,"4,838 / sq ft"
OWNER,2 , 40 L,Sainikpuri,950 ,Ready to moveConstruction Status,"4,210 / sq ft"
OWNER,2 , 40 L,Sainikpuri,950 ,Ready to moveConstruction Status,"4,210 / sq ft"
OWNER,2 , 1.05 Cr,Bandlaguda Jagir,1100 ,Ready to moveConstruction Status,"9,545 / sq ft"
OWNER,2 , 1.05 Cr,Bandlaguda Jagir,1100 ,Ready to moveConstruction Status,"9,545 / sq ft"
OWNER,2 , 66 L,Pedda Amberpet,1120 ,Ready to moveConstruction Status,"5,892 / sq ft"
OWNER,2 , 1.05 Cr,Bandlaguda Jagir,1100 ,Ready to moveConstruction Status,"9,545 / sq ft"
OWNER,2 , 59.5 L,Moosarambagh Road,1090 ,Ready to moveConstruction Status,"5,458 / sq ft"
OWNER,6 , 1.8 Cr,Kukatpally,3500 ,Ready to moveConstruction Status,"5,142 / sq ft"
OWNER,6 , 1.8 Cr,Kukatpally,3500 ,Ready to moveConstruction Status,"5,142 / sq ft"
OWNER,6 , 1.8 Cr,Kukatpally,3500 ,Ready to moveConstruction Status,"5,142 / sq ft"
OWNER,6 , 1.8 Cr,Kukatpally,3500 ,Ready to moveConstruction Status,"5,142 / sq ft"
OWNER,6 , 1.8 Cr,Kukatpally,3500 ,Ready to moveConstruction Status,"5,142 / sq ft"
OWNER,6 , 1.8 Cr,Kukatpally,3500 ,Ready to moveConstruction Status,"5,142 / sq ft"
OWNER,6 , 1.8 Cr,Kukatpally,3500 ,Ready to moveConstruction Status,"5,142 / sq ft"
OWNER,6 , 1.8 Cr,Kukatpally,3500 ,Ready to moveConstruction Status,"5,142 / sq ft"
OWNER,6 , 1.8 Cr,Kukatpally,3500 ,Ready to moveConstruction Status,"5,142 / sq ft"
OWNER,6 , 1.8 Cr,Kukatpally,3500 ,Ready to moveConstruction Status,"5,142 / sq ft"
OWNER,6 , 1.8 Cr,Kukatpally,3500 ,Ready to moveConstruction Status,"5,142 / sq ft"
OWNER,6 , 1.8 Cr,Kukatpally,3500 ,Ready to moveConstruction Status,"5,142 / sq ft"
OWNER,6 , 1.8 Cr,Kukatpally,3500 ,Ready to moveConstruction Status,"5,142 / sq ft"
OWNER,6 , 1.8 Cr,Kukatpally,3500 ,Ready to moveConstruction Status,"5,142 / sq ft"
OWNER,6 , 1.8 Cr,Kukatpally,3500 ,Ready to moveConstruction Status,"5,142 / sq ft"
OWNER,6 , 1.8 Cr,Kukatpally,3500 ,Ready to moveConstruction Status,"5,142 / sq ft"
OWNER,6 , 1.8 Cr,Kukatpally,3500 ,Ready to moveConstruction Status,"5,142 / sq ft"
OWNER,3 , 40 L,Bhanur,1600 ,Under ConstructionConstruction Status,"2,500 / sq ft"
OWNER,3 , 40 L,Bhanur,1600 ,Under ConstructionConstruction Status,"2,500 / sq ft"
OWNER,3 , 40 L,Bhanur,1600 ,Under ConstructionConstruction Status,"2,500 / sq ft"
OWNER,2 , 1.5 Cr,Osman Nagar,1032 ,Ready to moveConstruction Status,"14,534 / sq ft"
OWNER,2 , 1.5 Cr,Osman Nagar,1032 ,Ready to moveConstruction Status,"14,534 / sq ft"
OWNER,2 , 1.5 Cr,Osman Nagar,1032 ,Ready to moveConstruction Status,"14,534 / sq ft"
OWNER,Residential Plot, 36 L,Nagole,1800 ,ResaleNew/Resale,"2,000 / sq ft"
OWNER,Residential Plot, 20 L,Kothur Patti Digwal,1566 ,ResaleNew/Resale,"1,277 / sq ft"
OWNER,Residential Plot, 20 L,Kothur Patti Digwal,1566 ,ResaleNew/Resale,"1,277 / sq ft"
OWNER,Residential Plot, 20 L,Kothur Patti Digwal,1566 ,ResaleNew/Resale,"1,277 / sq ft"
OWNER,Residential Plot, 20 L,Kothur Patti Digwal,1566 ,ResaleNew/Resale,"1,277 / sq ft"
OWNER,Residential Plot, 20 L,Kothur Patti Digwal,1566 ,ResaleNew/Resale,"1,277 / sq ft"
OWNER,2 , 35 L,Patancheru,1000 ,Under ConstructionConstruction Status,"3,500 / sq ft"
OWNER,3 , 84.5 L,Mettuguda,2325 ,Ready to moveConstruction Status,"3,634 / sq ft"
OWNER,Residential Plot, 48 L,Bhanur,1800 ,ResaleNew/Resale,"2,666 / sq ft"
OWNER,2 , 58 L,Badangpet,990 ,Ready to moveConstruction Status,"5,858 / sq ft"
OWNER,2 , 44 L,Pragathi Nagar Kukatpally,1200 ,Under ConstructionConstruction Status,"3,666 / sq ft"
OWNER,2 , 44 L,Pragathi Nagar Kukatpally,1200 ,Under ConstructionConstruction Status,"3,666 / sq ft"
OWNER,2 , 44 L,Pragathi Nagar Kukatpally,1200 ,Under ConstructionConstruction Status,"3,666 / sq ft"
OWNER,2 , 44 L,Pragathi Nagar Kukatpally,1200 ,Under ConstructionConstruction Status,"3,666 / sq ft"
OWNER,2 , 58 L,Badangpet,990 ,Ready to moveConstruction Status,"5,858 / sq ft"
OWNER,2 , 30 L,Kollur,1250 ,Under ConstructionConstruction Status,"2,400 / sq ft"
OWNER,Residential Plot, 30 L,Kothur,1575 ,ResaleNew/Resale,"1,904 / sq ft"
OWNER,Residential Plot, 30 L,Kothur,1575 ,ResaleNew/Resale,"1,904 / sq ft"
OWNER,3 , 91 L,Bollaram,1900 ,Ready to moveConstruction Status,"4,789 / sq ft"
OWNER,2 , 87 L,Kukatpally,1145 ,Ready to moveConstruction Status,"7,598 / sq ft"
OWNER,3 , 3 Cr,Kompally,2005 ,Ready to moveConstruction Status,"14,962 / sq ft"
OWNER,3 , 82 L,Kondapur,1515 ,Ready to moveConstruction Status,"5,412 / sq ft"
OWNER,3 , 82 L,Kondapur,1515 ,Ready to moveConstruction Status,"5,412 / sq ft"
OWNER,3 , 82 L,Kondapur,1515 ,Ready to moveConstruction Status,"5,412 / sq ft"
OWNER,6 , 2.2 Cr,Mokila,4000 ,Under ConstructionConstruction Status,"5,500 / sq ft"
OWNER,6 , 2.2 Cr,Mokila,4000 ,Under ConstructionConstruction Status,"5,500 / sq ft"
OWNER,6 , 2.2 Cr,Mokila,4000 ,Under ConstructionConstruction Status,"5,500 / sq ft"
OWNER,6 , 2.2 Cr,Mokila,4000 ,Under ConstructionConstruction Status,"5,500 / sq ft"
OWNER,6 , 2.2 Cr,Mokila,4000 ,Under ConstructionConstruction Status,"5,500 / sq ft"
OWNER,2 , 40 L,LB Nagar,750 ,Ready to moveConstruction Status,"5,333 / sq ft"
OWNER,2 , 29.5 L,Pragathi Nagar Kukatpally,1040 ,Ready to moveConstruction Status,"2,836 / sq ft"
OWNER,2 , 22 L,Shamirpet,1100 ,Ready to moveConstruction Status,"2,000 / sq ft"
OWNER,Residential Plot, 18.18 L,Chevella,2727 ,ResaleNew/Resale,666 / sq ft
OWNER,Residential Plot, 18.18 L,Chevella,2727 ,ResaleNew/Resale,666 / sq ft
OWNER,Residential Plot, 18.18 L,Chevella,2727 ,ResaleNew/Resale,666 / sq ft
OWNER,Residential Plot, 18.18 L,Chevella,2727 ,ResaleNew/Resale,666 / sq ft
OWNER,Residential Plot, 18.18 L,Chevella,2727 ,ResaleNew/Resale,666 / sq ft
OWNER,Residential Plot, 18.18 L,Chevella,2727 ,ResaleNew/Resale,666 / sq ft
OWNER,Residential Plot, 18.18 L,Chevella,2727 ,ResaleNew/Resale,666 / sq ft
OWNER,Residential Plot, 18.18 L,Chevella,2727 ,ResaleNew/Resale,666 / sq ft
OWNER,Residential Plot, 18.18 L,Chevella,2727 ,ResaleNew/Resale,666 / sq ft
OWNER,Residential Plot, 18.18 L,Chevella,2727 ,ResaleNew/Resale,666 / sq ft
OWNER,Residential Plot, 18.18 L,Chevella,2727 ,ResaleNew/Resale,666 / sq ft
OWNER,Residential Plot, 18.18 L,Chevella,2727 ,ResaleNew/Resale,666 / sq ft
OWNER,Residential Plot, 18.18 L,Chevella,2727 ,ResaleNew/Resale,666 / sq ft
OWNER,Residential Plot, 18.18 L,Chevella,2727 ,ResaleNew/Resale,666 / sq ft
OWNER,Residential Plot, 18.18 L,Chevella,2727 ,ResaleNew/Resale,666 / sq ft
OWNER,Residential Plot, 18.18 L,Chevella,2727 ,ResaleNew/Resale,666 / sq ft
OWNER,Residential Plot, 18.18 L,Chevella,2727 ,ResaleNew/Resale,666 / sq ft
OWNER,Residential Plot, 18.18 L,Chevella,2727 ,ResaleNew/Resale,666 / sq ft
OWNER,Residential Plot, 18.18 L,Chevella,2727 ,ResaleNew/Resale,666 / sq ft
OWNER,3 , 43.05 L,Miyapur,1230 ,Under ConstructionConstruction Status,"3,500 / sq ft"
OWNER,2 , 38.5 L,Aminpur,1150 ,Under ConstructionConstruction Status,"3,347 / sq ft"
OWNER,3 , 56.65 L,Chandanagar,1590 ,Under ConstructionConstruction Status,"3,562 / sq ft"
OWNER,2 , 56.17 L,Miyapur,1605 ,Under ConstructionConstruction Status,"3,500 / sq ft"
OWNER,3 , 55.82 L,Chandanagar Vill,1595 ,Under ConstructionConstruction Status,"3,500 / sq ft"
OWNER,2 , 46.9 L,Chandanagar Vill,1340 ,Under ConstructionConstruction Status,"3,500 / sq ft"
OWNER,2 , 35.87 L,Miyapur,1025 ,Under ConstructionConstruction Status,"3,500 / sq ft"
OWNER,2 , 37.1 L,Miyapur,1060 ,Under ConstructionConstruction Status,"3,500 / sq ft"
OWNER,2 , 43.05 L,Miyapur,1230 ,Under ConstructionConstruction Status,"3,500 / sq ft"
OWNER,2 , 38.5 L,Miyapur,1100 ,Under ConstructionConstruction Status,"3,500 / sq ft"
OWNER,3 , 53.55 L,Miyapur,1530 ,Under ConstructionConstruction Status,"3,500 / sq ft"
OWNER,6 , 1.43 Cr,Mokila,2600 ,Under ConstructionConstruction Status,"5,500 / sq ft"
OWNER,3 , 85 L,Madhapur,1450 ,Ready to moveConstruction Status,"5,862 / sq ft"
OWNER,3 , 85 L,Madhapur,1450 ,Ready to moveConstruction Status,"5,862 / sq ft"
OWNER,3 , 85 L,Madhapur,1450 ,Ready to moveConstruction Status,"5,862 / sq ft"
OWNER,3 , 85 L,Madhapur,1450 ,Ready to moveConstruction Status,"5,862 / sq ft"
OWNER,3 , 85 L,Madhapur,1450 ,Ready to moveConstruction Status,"5,862 / sq ft"
OWNER,3 , 85 L,Madhapur,1450 ,Ready to moveConstruction Status,"5,862 / sq ft"
OWNER,3 , 85 L,Madhapur,1450 ,Ready to moveConstruction Status,"5,862 / sq ft"
OWNER,3 , 85 L,Madhapur,1450 ,Ready to moveConstruction Status,"5,862 / sq ft"
OWNER,3 , 85 L,Madhapur,1450 ,Ready to moveConstruction Status,"5,862 / sq ft"
OWNER,3 , 85 L,Madhapur,1450 ,Ready to moveConstruction Status,"5,862 / sq ft"
OWNER,3 , 85 L,Madhapur,1450 ,Ready to moveConstruction Status,"5,862 / sq ft"
OWNER,Residential Plot, 27 L,Kothur,1450 ,ResaleNew/Resale,"1,862 / sq ft"
OWNER,Residential Plot, 98 L,Kundanpally,3600 ,ResaleNew/Resale,"2,722 / sq ft"
OWNER,Residential Plot, 98 L,Kundanpally,3600 ,ResaleNew/Resale,"2,722 / sq ft"
OWNER,Residential Plot, 98 L,Kundanpally,3600 ,ResaleNew/Resale,"2,722 / sq ft"
OWNER,Residential Plot, 98 L,Kundanpally,3600 ,ResaleNew/Resale,"2,722 / sq ft"
OWNER,Residential Plot, 98 L,Kundanpally,3600 ,ResaleNew/Resale,"2,722 / sq ft"
OWNER,Residential Plot, 98 L,Kundanpally,3600 ,ResaleNew/Resale,"2,722 / sq ft"
OWNER,2 , 55 L,Ramachandra Puram,1015 ,Ready to moveConstruction Status,"5,418 / sq ft"
OWNER,3 , 66 L,Nagaram Hyderabad South,1450 ,Ready to moveConstruction Status,"4,551 / sq ft"
OWNER,5 , 2.5 Cr,Habsiguda,2800 ,Ready to moveConstruction Status,"8,928 / sq ft"
OWNER,Residential Plot, 1.13 Cr,Almasguda,2700 ,ResaleNew/Resale,"4,211 / sq ft"
OWNER,Residential Plot, 1.13 Cr,Almasguda,2700 ,ResaleNew/Resale,"4,211 / sq ft"
OWNER,Residential Plot, 1.13 Cr,Almasguda,2700 ,ResaleNew/Resale,"4,211 / sq ft"
OWNER,Residential Plot, 1.13 Cr,Almasguda,2700 ,ResaleNew/Resale,"4,211 / sq ft"
OWNER,Residential Plot, 1.13 Cr,Almasguda,2700 ,ResaleNew/Resale,"4,211 / sq ft"
OWNER,Residential Plot, 1.13 Cr,Almasguda,2700 ,ResaleNew/Resale,"4,211 / sq ft"
OWNER,Residential Plot, 1.13 Cr,Almasguda,2700 ,ResaleNew/Resale,"4,211 / sq ft"
OWNER,Residential Plot, 1.13 Cr,Almasguda,2700 ,ResaleNew/Resale,"4,211 / sq ft"
OWNER,Residential Plot, 1.13 Cr,Almasguda,2700 ,ResaleNew/Resale,"4,211 / sq ft"
OWNER,Residential Plot, 1.13 Cr,Almasguda,2700 ,ResaleNew/Resale,"4,211 / sq ft"
OWNER,Residential Plot, 1.13 Cr,Almasguda,2700 ,ResaleNew/Resale,"4,211 / sq ft"
OWNER,Residential Plot, 1.13 Cr,Almasguda,2700 ,ResaleNew/Resale,"4,211 / sq ft"
OWNER,2 , 72 L,Godumakunta,1550 ,Ready to moveConstruction Status,"4,645 / sq ft"
OWNER,2 , 80 L,Kukatpally,1126 ,Ready to moveConstruction Status,"7,104 / sq ft"
OWNER,2 , 37 L,Chandanagar,1020 ,Under ConstructionConstruction Status,"3,627 / sq ft"
OWNER,Residential Plot, 80 L,Shamirpet,2925 ,ResaleNew/Resale,"2,735 / sq ft"
OWNER,Residential Plot, 20 L,Kothur,2160 ,ResaleNew/Resale,925 / sq ft
OWNER,Residential Plot, 45 L,Gollur,3285 ,ResaleNew/Resale,"1,369 / sq ft"
OWNER,Residential Plot, 45 L,Gollur,3285 ,ResaleNew/Resale,"1,369 / sq ft"
OWNER,Residential Plot, 45 L,Gollur,3285 ,ResaleNew/Resale,"1,369 / sq ft"
OWNER,Residential Plot, 45 L,Gollur,3285 ,ResaleNew/Resale,"1,369 / sq ft"
OWNER,Residential Plot, 45 L,Gollur,3285 ,ResaleNew/Resale,"1,369 / sq ft"
OWNER,Residential Plot, 45 L,Gollur,3285 ,ResaleNew/Resale,"1,369 / sq ft"
OWNER,3 , 86 L,Kondapur,1515 ,Ready to moveConstruction Status,"5,676 / sq ft"
OWNER,2 , 47.5 L,Yapral,1125 ,Under ConstructionConstruction Status,"4,222 / sq ft"
OWNER,3 , 77.98 L,Hayathnagar,1654 ,Under ConstructionConstruction Status,"4,715 / sq ft"
OWNER,3 , 92.5 L,Kompally,1700 ,Ready to moveConstruction Status,"5,441 / sq ft"
OWNER,2 , 40 L,LB Nagar,755 ,Ready to moveConstruction Status,"5,298 / sq ft"
OWNER,2 , 35 L,Kollur,1170 ,Under ConstructionConstruction Status,"2,991 / sq ft"
OWNER,2 , 40 L,LB Nagar,755 ,Ready to moveConstruction Status,"5,298 / sq ft"
OWNER,2 , 40 L,LB Nagar,755 ,Ready to moveConstruction Status,"5,298 / sq ft"
OWNER,2 , 40 L,LB Nagar,755 ,Ready to moveConstruction Status,"5,298 / sq ft"
OWNER,3 , 1.5 Cr,Ameerpet,1800 ,Ready to moveConstruction Status,"8,333 / sq ft"
OWNER,10 , 3.8 Cr,Mehdipatnam,4735 ,Ready to moveConstruction Status,"8,025 / sq ft"
AGENT,3 , 1.09 Cr,Kukatpally,1592 ,Ready to moveConstruction Status,"6,900 / sq ft"
AGENT,2 , 94.11 L,Kukatpally,1426 ,Under ConstructionConstruction Status,"6,600 / sq ft"
OWNER,2 , 57 L,Nadergul,1250 ,Ready to moveConstruction Status,"4,560 / sq ft"
OWNER,2 , 57 L,Nadergul,1250 ,Ready to moveConstruction Status,"4,560 / sq ft"
OWNER,2 , 57 L,Nadergul,1250 ,Ready to moveConstruction Status,"4,560 / sq ft"
OWNER,Residential Plot, 36.5 L,Chevella,1040 ,ResaleNew/Resale,"3,509 / sq ft"
OWNER,Residential Plot, 36.5 L,Chevella,1040 ,ResaleNew/Resale,"3,509 / sq ft"
OWNER,Residential Plot, 36.5 L,Chevella,1040 ,ResaleNew/Resale,"3,509 / sq ft"
OWNER,Residential Plot, 18.18 L,Chevella,2727 ,ResaleNew/Resale,666 / sq ft
OWNER,Residential Plot, 18.18 L,Chevella,2727 ,ResaleNew/Resale,666 / sq ft
OWNER,Residential Plot, 18.18 L,Chevella,2727 ,ResaleNew/Resale,666 / sq ft
OWNER,Residential Plot, 18.18 L,Chevella,2727 ,ResaleNew/Resale,666 / sq ft
OWNER,2 , 39.74 L,Pragathi Nagar Kukatpally,1150 ,Under ConstructionConstruction Status,"3,456 / sq ft"
OWNER,2 , 41.47 L,Pragathi Nagar Kukatpally,1200 ,Under ConstructionConstruction Status,"3,456 / sq ft"
OWNER,2 , 57 L,Nadergul,1250 ,Ready to moveConstruction Status,"4,560 / sq ft"
OWNER,2 , 57 L,Nadergul,1250 ,Ready to moveConstruction Status,"4,560 / sq ft"
OWNER,Residential Plot, 15 L,Bhuvanagiri,2700 ,ResaleNew/Resale,555 / sq ft
OWNER,3 , 42.75 L,Kompally,1585 ,Under ConstructionConstruction Status,"2,697 / sq ft"
OWNER,3 , 42.75 L,Kompally,1585 ,Under ConstructionConstruction Status,"2,697 / sq ft"
OWNER,2 , 36 L,Nagaram,1142 ,Ready to moveConstruction Status,"3,152 / sq ft"
OWNER,4 , 76.89 L,Patancheru,2160 ,Ready to moveConstruction Status,"3,560 / sq ft"
OWNER,3 , 1.16 Cr,Bachupally,2700 ,Under ConstructionConstruction Status,"4,332 / sq ft"
OWNER,Residential Plot, 36 L,Bibinagar,2700 ,ResaleNew/Resale,"1,333 / sq ft"
OWNER,Residential Plot, 36 L,Bibinagar,2700 ,ResaleNew/Resale,"1,333 / sq ft"
OWNER,Residential Plot, 36 L,Bibinagar,2700 ,ResaleNew/Resale,"1,333 / sq ft"
OWNER,Residential Plot, 36 L,Bibinagar,2700 ,ResaleNew/Resale,"1,333 / sq ft"
AGENT,2 , 31.94 L,Nizampet,819 ,Under ConstructionConstruction Status,"3,900 / sq ft"
OWNER,Residential Plot, 34 L,Ibrahimpatnam,1800 ,ResaleNew/Resale,"1,888 / sq ft"
OWNER,Residential Plot, 34 L,Ibrahimpatnam,1800 ,ResaleNew/Resale,"1,888 / sq ft"
OWNER,Residential Plot, 34 L,Ibrahimpatnam,1800 ,ResaleNew/Resale,"1,888 / sq ft"
OWNER,Residential Plot, 34 L,Ibrahimpatnam,1800 ,ResaleNew/Resale,"1,888 / sq ft"
OWNER,Residential Plot, 34 L,Ibrahimpatnam,1800 ,ResaleNew/Resale,"1,888 / sq ft"
OWNER,3 , 1.65 Cr,Kollur,2230 ,Under ConstructionConstruction Status,"7,399 / sq ft"
OWNER,3 , 1.65 Cr,Kollur,2230 ,Under ConstructionConstruction Status,"7,399 / sq ft"
OWNER,3 , 1.65 Cr,Kollur,2230 ,Under ConstructionConstruction Status,"7,399 / sq ft"
OWNER,3 , 1.65 Cr,Kollur,2230 ,Under ConstructionConstruction Status,"7,399 / sq ft"
OWNER,3 , 1.65 Cr,Kollur,2230 ,Under ConstructionConstruction Status,"7,399 / sq ft"
OWNER,3 , 1.65 Cr,Kollur,2230 ,Under ConstructionConstruction Status,"7,399 / sq ft"
OWNER,3 , 1.65 Cr,Kollur,2230 ,Under ConstructionConstruction Status,"7,399 / sq ft"
OWNER,3 , 1.65 Cr,Kollur,2230 ,Under ConstructionConstruction Status,"7,399 / sq ft"
OWNER,3 , 1.65 Cr,Kollur,2230 ,Under ConstructionConstruction Status,"7,399 / sq ft"
OWNER,3 , 1.65 Cr,Kollur,2230 ,Under ConstructionConstruction Status,"7,399 / sq ft"
OWNER,3 , 1.65 Cr,Kollur,2230 ,Under ConstructionConstruction Status,"7,399 / sq ft"
OWNER,3 , 1.65 Cr,Kollur,2230 ,Under ConstructionConstruction Status,"7,399 / sq ft"
OWNER,7 , 1 Cr,Balapur,2500 ,Ready to moveConstruction Status,"4,000 / sq ft"
OWNER,Residential Plot, 24 L,Yacharam,1800 ,ResaleNew/Resale,"1,333 / sq ft"
OWNER,Residential Plot, 24 L,Yacharam,1800 ,ResaleNew/Resale,"1,333 / sq ft"
OWNER,Residential Plot, 24 L,Yacharam,1800 ,ResaleNew/Resale,"1,333 / sq ft"
OWNER,2 , 66 L,Rampally,1360 ,Ready to moveConstruction Status,"4,852 / sq ft"
OWNER,2 , 44 L,Miyapur,1020 ,Ready to moveConstruction Status,"4,313 / sq ft"
OWNER,3 , 70 L,Neknampur,1580 ,Under ConstructionConstruction Status,"4,430 / sq ft"
OWNER,3 , 70 L,Bachupally,1460 ,Ready to moveConstruction Status,"4,794 / sq ft"
OWNER,3 , 70 L,Bachupally,1460 ,Ready to moveConstruction Status,"4,794 / sq ft"
AGENT,3 , 48.45 L,Balanagar,1615 ,Under ConstructionConstruction Status,"3,000 / sq ft"
AGENT,3 , 1.14 Cr,Kokapet,2120 ,Under ConstructionConstruction Status,Price
AGENT,3 , 42 L,Madhapur,1200 ,Under ConstructionConstruction Status,"3,500 / sq ft"
AGENT,1 , 12.5 L,Tukkuguda,629 ,Under ConstructionConstruction Status,"1,987 / sq ft"
AGENT,3 , 29 L,Shamirpet,1300 ,Under ConstructionConstruction Status,"2,230 / sq ft"
AGENT,2 , 21 L,Shamirpet,980 ,Under ConstructionConstruction Status,"2,142 / sq ft"
AGENT,4 , 2.8 Cr,Narsingi,3431 ,Ready to moveConstruction Status,"8,160 / sq ft"
AGENT,3 , 67.2 L,Manchirevula,1600 ,Under ConstructionConstruction Status,"4,200 / sq ft"
AGENT,3 , 71.4 L,Manchirevula,1700 ,Under ConstructionConstruction Status,"4,200 / sq ft"
AGENT,3 , 84 L,Manchirevula,2000 ,Under ConstructionConstruction Status,"4,200 / sq ft"
AGENT,3 , 92.4 L,Hitech City,2200 ,Under ConstructionConstruction Status,"4,200 / sq ft"
AGENT,3 , 1.26 Cr,Kokapet,3013 ,Under ConstructionConstruction Status,"4,200 / sq ft"
AGENT,2 , 68.92 L,Nanakramguda,1641 ,Under ConstructionConstruction Status,"4,200 / sq ft"
AGENT,3 , 81 L,Hitech City,1800 ,Under ConstructionConstruction Status,"4,500 / sq ft"
AGENT,3 , 92.44 L,Nanakramguda,2201 ,Under ConstructionConstruction Status,"4,200 / sq ft"
AGENT,3 , 1.09 Cr,Kokapet,2603 ,Under ConstructionConstruction Status,"4,200 / sq ft"
AGENT,3 , 1.09 Cr,Kokapet,2608 ,Under ConstructionConstruction Status,"4,200 / sq ft"
AGENT,3 , 1.17 Cr,Kokapet,2803 ,Under ConstructionConstruction Status,"4,200 / sq ft"
AGENT,3 , 1.17 Cr,Kokapet,2804 ,Under ConstructionConstruction Status,"4,200 / sq ft"
AGENT,3 , 1.26 Cr,Kokapet,3015 ,Under ConstructionConstruction Status,"4,200 / sq ft"
AGENT,3 , 67.2 L,Kokapet,1600 ,Under ConstructionConstruction Status,"4,200 / sq ft"
AGENT,3 , 1.08 Cr,Hitech City,2400 ,Under ConstructionConstruction Status,"4,500 / sq ft"
AGENT,3 , 1.68 Cr,Kokapet,4000 ,Under ConstructionConstruction Status,"4,200 / sq ft"
AGENT,2 , 54.6 L,Hitech City,1300 ,Under ConstructionConstruction Status,"4,200 / sq ft"
AGENT,3 , 67.2 L,Nanakramguda,1600 ,Under ConstructionConstruction Status,"4,200 / sq ft"
AGENT,2 , 57.12 L,Nanakramguda,1360 ,Under ConstructionConstruction Status,"4,200 / sq ft"
AGENT,2 , 57.12 L,Hitech City,1360 ,Under ConstructionConstruction Status,"4,200 / sq ft"
AGENT,3 , 1.17 Cr,Hitech City,2800 ,Under ConstructionConstruction Status,"4,200 / sq ft"
AGENT,3 , 84 L,Hitech City,2000 ,Under ConstructionConstruction Status,"4,200 / sq ft"
AGENT,3 , 78.12 L,Nanakramguda,1860 ,Under ConstructionConstruction Status,"4,200 / sq ft"
AGENT,3 , 1.14 Cr,Bachupally,2076 ,Under ConstructionConstruction Status,"5,500 / sq ft"
AGENT,3 , 84 L,Kokapet,2000 ,Under ConstructionConstruction Status,"4,200 / sq ft"
AGENT,3 , 1.56 Cr,Nanakramguda,2601 ,Under ConstructionConstruction Status,"5,999 / sq ft"
AGENT,3 , 1.43 Cr,Nanakramguda,2400 ,Under ConstructionConstruction Status,"5,999 / sq ft"
AGENT,3 , 1.32 Cr,Nanakramguda,2201 ,Under ConstructionConstruction Status,"5,999 / sq ft"
AGENT,3 , 2.4 Cr,Nanakramguda,4001 ,Under ConstructionConstruction Status,"5,999 / sq ft"
AGENT,3 , 1.79 Cr,Nanakramguda,3000 ,Under ConstructionConstruction Status,"5,999 / sq ft"
AGENT,3 , 2.39 Cr,Nanakramguda,4000 ,Under ConstructionConstruction Status,"5,999 / sq ft"
AGENT,3 , 95.98 L,Narsingi,1600 ,Under ConstructionConstruction Status,"5,999 / sq ft"
AGENT,3 , 1.07 Cr,Manchirevula,1800 ,Under ConstructionConstruction Status,"5,999 / sq ft"
AGENT,3 , 1.19 Cr,Nanakramguda,2000 ,Under ConstructionConstruction Status,"5,999 / sq ft"
AGENT,3 , 1.43 Cr,Nanakramguda,2400 ,Under ConstructionConstruction Status,"5,999 / sq ft"
AGENT,3 , 1.43 Cr,Manchirevula,2400 ,Under ConstructionConstruction Status,"5,999 / sq ft"
AGENT,2 , 77.98 L,Manchirevula,1300 ,Under ConstructionConstruction Status,"5,999 / sq ft"
AGENT,4 , 2.39 Cr,Nanakramguda,4000 ,Under ConstructionConstruction Status,"5,999 / sq ft"
AGENT,2 , 77.98 L,Nanakramguda,1300 ,Under ConstructionConstruction Status,"5,999 / sq ft"
AGENT,3 , 1.07 Cr,Nanakramguda,1800 ,Under ConstructionConstruction Status,"5,999 / sq ft"
AGENT,4 , 1.79 Cr,Kokapet,3000 ,Under ConstructionConstruction Status,"5,999 / sq ft"
AGENT,2 , 80.68 L,Kokapet,1345 ,Under ConstructionConstruction Status,"5,999 / sq ft"
AGENT,2 , 67.72 L,Mokila,1129 ,Ready to moveConstruction Status,"5,999 / sq ft"
AGENT,2 , 59.99 L,Taramatipet,1000 ,Under ConstructionConstruction Status,"5,999 / sq ft"
AGENT,3 , 1.43 Cr,Hitech City,2400 ,Under ConstructionConstruction Status,"5,999 / sq ft"
AGENT,3 , 1.07 Cr,Hitech City,1800 ,Under ConstructionConstruction Status,"5,999 / sq ft"
AGENT,3 , 1.67 Cr,Kokapet,2800 ,Under ConstructionConstruction Status,"5,999 / sq ft"
AGENT,3 , 1.79 Cr,Kokapet,3000 ,Under ConstructionConstruction Status,"5,999 / sq ft"
AGENT,3 , 1.55 Cr,Kokapet,2600 ,Under ConstructionConstruction Status,"5,999 / sq ft"
AGENT,2 , 59.99 L,Taramatipet,1000 ,Under ConstructionConstruction Status,"5,999 / sq ft"
AGENT,2 , 77.98 L,Kokapet,1300 ,Under ConstructionConstruction Status,"5,999 / sq ft"
AGENT,3 , 1.19 Cr,Manchirevula,2000 ,Under ConstructionConstruction Status,"5,999 / sq ft"
AGENT,4 , 1.79 Cr,Hitech City,3000 ,Under ConstructionConstruction Status,"5,999 / sq ft"
AGENT,4 , 2.33 Cr,Manchirevula,3900 ,Under ConstructionConstruction Status,"5,999 / sq ft"
AGENT,4 , 2.6 Cr,Tellapur,2700 ,Ready to moveConstruction Status,"9,629 / sq ft"
AGENT,2 , 77.98 L,Hitech City,1300 ,Under ConstructionConstruction Status,"5,999 / sq ft"
OWNER,2 , 45 L,Nizampet,1170 ,Ready to moveConstruction Status,"3,846 / sq ft"
OWNER,2 , 45 L,Nizampet,1170 ,Ready to moveConstruction Status,"3,846 / sq ft"
OWNER,2 , 44 L,Balanagar,1100 ,Ready to moveConstruction Status,"4,000 / sq ft"
OWNER,3 , 68 L,Yousufguda,1300 ,Ready to moveConstruction Status,"5,230 / sq ft"
OWNER,2 , 82 L,Gachibowli,1156 ,Ready to moveConstruction Status,"7,093 / sq ft"
OWNER,6 , 1.3 Cr,AS Rao Nagar,2400 ,Ready to moveConstruction Status,"5,416 / sq ft"
OWNER,7 , 3.24 Cr,Bowenpally,3501 ,Ready to moveConstruction Status,"9,254 / sq ft"
AGENT,3 , 64.4 L,Alwal,1610 ,Under ConstructionConstruction Status,"4,000 / sq ft"
OWNER,8 , 1.8 Cr,Old Bowenpally,3400 ,Ready to moveConstruction Status,"5,294 / sq ft"
OWNER,2 , 74 L,Miyapur,1215 ,Ready to moveConstruction Status,"6,090 / sq ft"
OWNER,3 , 92 L,Kondapur,1525 ,Ready to moveConstruction Status,"6,032 / sq ft"
AGENT,2 , 33.12 L,Hakimpet Hyderabad Karimnagar Highway,1325 ,Under ConstructionConstruction Status,"2,500 / sq ft"
OWNER,Residential Plot, 35 L,Ghatkesar,2700 ,ResaleNew/Resale,"1,296 / sq ft"
OWNER,2 , 46.44 L,Miyapur,1080 ,Ready to moveConstruction Status,"4,300 / sq ft"
OWNER,2 , 78 L,Dammaiguda,1620 ,Ready to moveConstruction Status,"4,814 / sq ft"
OWNER,3 , 1.5 Cr,Bhanur,1900 ,Under ConstructionConstruction Status,"7,894 / sq ft"
OWNER,2 , 49 L,Nizampet,900 ,Ready to moveConstruction Status,"5,444 / sq ft"
OWNER,3 , 1.45 Cr,Ramachandra Puram,2030 ,Ready to moveConstruction Status,"7,142 / sq ft"
OWNER,3 , 82 L,Bandlaguda Jagir,1500 ,Ready to moveConstruction Status,"5,466 / sq ft"
OWNER,3 , 1.15 Cr,Madhapur,1780 ,Under ConstructionConstruction Status,"6,500 / sq ft"
OWNER,3 , 1.78 Cr,Mokila,3237 ,Under ConstructionConstruction Status,"5,498 / sq ft"
OWNER,4 , 4.6 Cr,Kukatpally,3240 ,Ready to moveConstruction Status,"14,197 / sq ft"
OWNER,Residential Plot, 56 L,Patancheru,1800 ,ResaleNew/Resale,"3,111 / sq ft"
AGENT,3 , 78.5 L,Kukatpally,1350 ,Under ConstructionConstruction Status,"5,814 / sq ft"
AGENT,3 , 78 L,Kukatpally,1350 ,Under ConstructionConstruction Status,"5,777 / sq ft"
OWNER,2 , 1.4 Cr,Alwal,1800 ,Ready to moveConstruction Status,"7,777 / sq ft"
AGENT,Residential Plot, 86 L,Narapally,200 ,ResaleNew/Resale,"43,000 / sq ft"
AGENT,Residential Plot, 99 L,Narapally,220 ,ResaleNew/Resale,"45,000 / sq ft"
AGENT,Residential Plot, 29.99 L,Bhuvanagiri,1800 ,ResaleNew/Resale,"1,666 / sq ft"
AGENT,Residential Plot, 30 L,Bhuvanagiri,1800 ,NewNew/Resale,"1,666 / sq ft"
AGENT,Residential Plot, 43.87 L,Ghatkesar,2925 ,ResaleNew/Resale,"1,499 / sq ft"
OWNER,2 , 37 L,Kollur,1170 ,Under ConstructionConstruction Status,"3,162 / sq ft"
OWNER,2 , 24.18 L,Shamirpet,1100 ,Under ConstructionConstruction Status,"2,199 / sq ft"
OWNER,3 , 1.05 Cr,Hastinapuram,1833 ,Under ConstructionConstruction Status,"5,728 / sq ft"
OWNER,1 , 24 L,Maruthi Nagar,650 ,Ready to moveConstruction Status,"3,692 / sq ft"
OWNER,3 , 1.6 Cr,Narayanguda,1928 ,Ready to moveConstruction Status,"8,298 / sq ft"
OWNER,3 , 2 Cr,Malakpet,1800 ,Ready to moveConstruction Status,"11,111 / sq ft"
OWNER,3 , 75 L,Sainikpuri,1614 ,Ready to moveConstruction Status,"4,646 / sq ft"
OWNER,3 , 1.23 Cr,Narsingi,2240 ,Under ConstructionConstruction Status,"5,491 / sq ft"
OWNER,3 , 95 L,Madhapur,1450 ,Ready to moveConstruction Status,"6,551 / sq ft"
OWNER,3 , 75 L,Chinna Thokatta,3200 ,Ready to moveConstruction Status,"2,343 / sq ft"
OWNER,3 , 75 L,Nanakramguda,1650 ,Ready to moveConstruction Status,"4,545 / sq ft"
OWNER,3 , 75 L,Attapur,1230 ,Ready to moveConstruction Status,"6,097 / sq ft"
OWNER,3 , 1.02 Cr,Attapur,1635 ,Ready to moveConstruction Status,"6,244 / sq ft"
OWNER,4 , 1.4 Cr,AS Rao Nagar,1425 ,Ready to moveConstruction Status,"9,824 / sq ft"
OWNER,3 , 54 L,Kothapet,1670 ,Under ConstructionConstruction Status,"3,233 / sq ft"
OWNER,2 , 24.84 L,Medchal,1080 ,Under ConstructionConstruction Status,"2,300 / sq ft"
OWNER,4 , 1.4 Cr,Quthbullapur,2200 ,Ready to moveConstruction Status,"6,363 / sq ft"
OWNER,Residential Plot, 21.15 L,Bhuvanagiri,1500 ,ResaleNew/Resale,"1,410 / sq ft"
OWNER,2 , 58 L,Bowenpally,1355 ,Ready to moveConstruction Status,"4,280 / sq ft"
OWNER,2 , 67 L,Nallagandla Gachibowli,1040 ,Ready to moveConstruction Status,"6,442 / sq ft"
OWNER,2 , 1.25 Cr,Bolarum,3000 ,Under ConstructionConstruction Status,"4,166 / sq ft"
OWNER,5 , 1.25 Cr,Mallampet,3000 ,Under ConstructionConstruction Status,"4,166 / sq ft"
OWNER,Residential Plot, 88 L,Cherlapalli,2000 ,ResaleNew/Resale,"4,400 / sq ft"
OWNER,Residential Plot, 19.46 L,Toopra Khurd,1485 ,ResaleNew/Resale,"1,311 / sq ft"
OWNER,2 , 25 L,Gajularamaram,1000 ,Ready to moveConstruction Status,"2,500 / sq ft"
OWNER,2 , 25 L,Gajularamaram,1000 ,Ready to moveConstruction Status,"2,500 / sq ft"
OWNER,2 , 25 L,Gajularamaram,1000 ,Ready to moveConstruction Status,"2,500 / sq ft"
OWNER,3 , 55 L,Pragathi Nagar Kukatpally,1400 ,Ready to moveConstruction Status,"3,928 / sq ft"
OWNER,2 , 67 L,Chanakyapuri,1255 ,Ready to moveConstruction Status,"5,338 / sq ft"
OWNER,2 , 38 L,LB Nagar,755 ,Ready to moveConstruction Status,"5,033 / sq ft"
OWNER,3 , 1.17 Cr,Kukatpally,1956 ,Ready to moveConstruction Status,"5,981 / sq ft"
OWNER,Residential Plot, 3.78 Cr,Bonthapalle,15120 ,ResaleNew/Resale,"2,500 / sq ft"
OWNER,Residential Plot, 46 L,Mallapur,9009 ,ResaleNew/Resale,510 / sq ft
OWNER,3 , 95 L,Hafeezpet,1500 ,Under ConstructionConstruction Status,"6,333 / sq ft"
OWNER,4 , 1.1 Cr,Toli Chowki,1805 ,Ready to moveConstruction Status,"6,094 / sq ft"
OWNER,2 , 52 L,Pragathi Nagar Kukatpally,1100 ,Ready to moveConstruction Status,"4,727 / sq ft"
OWNER,Residential Plot, 24 L,Ramdas Pally,1800 ,ResaleNew/Resale,"1,333 / sq ft"
OWNER,3 , 77.75 L,Suchitra,1555 ,Under ConstructionConstruction Status,"5,000 / sq ft"
OWNER,2 , 61.75 L,Suchitra,1235 ,Under ConstructionConstruction Status,"5,000 / sq ft"
OWNER,3 , 1.38 Cr,Sainikpuri,2300 ,Ready to moveConstruction Status,"6,000 / sq ft"
OWNER,3 , 43.8 L,Patancheru,1460 ,Under ConstructionConstruction Status,"3,000 / sq ft"
OWNER,2 , 36 L,Kukatpally,862 ,Ready to moveConstruction Status,"4,176 / sq ft"
OWNER,4 , 74 L,Himayat Nagar,1060 ,Ready to moveConstruction Status,"6,981 / sq ft"
OWNER,2 , 44.48 L,Maheshwaram,1025 ,Under ConstructionConstruction Status,"4,340 / sq ft"
OWNER,4 , 3.16 Cr,Tellapur,4225 ,Ready to moveConstruction Status,"7,500 / sq ft"
OWNER,2 , 95 L,Moti Nagar,1440 ,Ready to moveConstruction Status,"6,597 / sq ft"
OWNER,3 , 95 L,Borabanda,850 ,Ready to moveConstruction Status,"11,176 / sq ft"
OWNER,2 , 95 L,Borabanda,1440 ,Ready to moveConstruction Status,"6,597 / sq ft"
OWNER,2 , 63 L,Badangpet,1050 ,Ready to moveConstruction Status,"6,000 / sq ft"
OWNER,5 , 6 Cr,Mokila,6500 ,Ready to moveConstruction Status,"9,230 / sq ft"
OWNER,3 , 71 L,AS Rao Nagar,1604 ,Ready to moveConstruction Status,"4,426 / sq ft"
OWNER,3 , 35 L,Boiguda,1000 ,Ready to moveConstruction Status,"3,500 / sq ft"
OWNER,4 , 62.5 L,Miyapur,1101 ,Ready to moveConstruction Status,"5,676 / sq ft"
OWNER,3 , 1.33 Cr,Kokapet,1535 ,Ready to moveConstruction Status,"8,664 / sq ft"
OWNER,4 , 5.5 Cr,Mokila,4750 ,Ready to moveConstruction Status,"11,578 / sq ft"
OWNER,3 , 67.5 L,Rajendra Nagar,1047 ,Ready to moveConstruction Status,"6,447 / sq ft"
OWNER,2 , 77.5 L,Kukatpally,1000 ,Ready to moveConstruction Status,"7,750 / sq ft"
OWNER,5 , 1.2 Cr,Bhuvanagiri,2500 ,Under ConstructionConstruction Status,"4,800 / sq ft"
OWNER,Residential Plot, 11.25 L,Sadashivpet,1800 ,ResaleNew/Resale,625 / sq ft
OWNER,2 , 33 L,Shamirpet,1000 ,Ready to moveConstruction Status,"3,300 / sq ft"
OWNER,3 , 1.15 Cr,Patancheru,2008 ,Under ConstructionConstruction Status,"5,750 / sq ft"
OWNER,2 , 30 L,Nizampet,1098 ,Ready to moveConstruction Status,"2,732 / sq ft"
OWNER,4 , 3.1 Cr,Banjara Hills,2957 ,Ready to moveConstruction Status,"10,483 / sq ft"
OWNER,2 , 72 L,Madhapur,1225 ,Ready to moveConstruction Status,"5,877 / sq ft"
OWNER,4 , 2 Cr,Shamshabad,3351 ,Under ConstructionConstruction Status,"5,968 / sq ft"
